PhraseId,Sentiment
31264,2
64393,2
106810,2
26121,2
25259,3
68373,2
130472,3
141867,4
84152,2
153119,2
126083,2
95398,2
87036,2
71644,2
121247,4
20084,1
128838,2
124016,2
853,2
133856,2
120437,2
59479,1
453,2
99029,3
152476,0
155602,1
42518,1
28129,2
138541,1
14565,2
22003,2
93695,2
15411,3
32558,2
91651,2
24708,2
39835,1
136440,3
70267,2
154525,2
8412,2
120804,1
67047,2
155292,3
140696,2
73144,2
119356,2
25799,1
61940,2
134304,4
75424,3
53539,1
50763,3
77206,3
24116,3
142163,2
100866,2
101190,2
68953,2
103870,3
154580,2
122605,3
34361,2
132960,3
13618,2
131456,1
10981,4
95248,1
126052,2
58261,2
64757,2
143868,2
80258,2
122065,2
101660,2
123863,3
92974,2
122839,3
121241,2
3564,2
151217,2
154480,2
140751,1
66344,2
3466,3
18273,3
9493,3
139632,2
68104,2
84494,3
103730,2
136095,2
107226,2
150896,2
151288,1
70893,2
81111,2
16078,2
137685,1
55363,2
113065,1
136295,2
146849,2
80433,2
120326,2
136948,2
33336,2
116847,3
39930,2
101262,2
34583,3
28089,2
154590,2
86910,2
19175,2
66557,3
74392,3
53117,1
153,2
127669,3
151399,2
53472,3
76070,2
29232,1
45304,3
71675,1
61247,2
110455,3
73036,2
83874,2
108388,2
44969,3
149161,2
29511,2
3125,2
61244,3
97733,1
12062,2
14586,3
45903,2
47880,2
152875,2
61981,3
110149,2
134333,2
71472,2
87694,2
16106,1
74069,1
83835,2
8011,3
92419,2
1285,3
53206,3
106171,3
41638,2
51518,2
92972,1
25067,3
135222,2
66733,2
42789,2
17298,3
19964,3
18220,2
7545,3
22451,2
74838,1
130064,2
42014,2
142173,3
148102,2
80958,3
75836,2
120584,2
19962,1
29666,2
95271,2
4213,2
37655,2
142856,3
89909,3
74424,2
104573,2
144260,2
38768,2
120462,2
7731,3
1134,1
135050,2
47151,3
21932,1
102295,0
11272,3
61225,2
41123,1
146531,3
155021,3
40316,2
127207,2
45584,2
153951,3
7289,3
18660,2
17248,1
64448,2
42500,2
12445,2
128835,2
127079,3
134240,2
18037,2
141913,2
41414,1
60751,2
2813,2
25685,2
80858,2
87562,2
1030,2
126461,2
137823,2
134799,2
83412,2
102374,1
70594,2
983,1
64420,2
26098,3
51657,2
60959,2
43778,2
155370,3
57077,2
23030,2
23988,3
5270,4
32207,2
154705,2
63725,1
150087,2
142341,2
107916,2
102257,2
120633,2
75406,3
99893,2
139154,3
17741,2
83563,1
58538,2
36568,2
5453,4
61109,3
21063,2
71447,2
3896,2
73660,3
57656,1
32349,2
27509,2
122104,2
109342,2
71433,1
73408,3
142932,2
23691,2
118685,3
53454,2
39506,2
8521,2
11195,2
151809,2
26101,4
132859,2
32658,3
27612,2
80068,1
127916,1
91798,2
39306,2
86549,3
128994,2
10511,4
13740,1
17154,2
75184,3
44713,2
1658,2
83913,2
3774,1
49069,2
122682,3
89561,2
141845,2
128032,2
99279,2
89076,2
57536,2
71175,3
62162,2
70395,1
134037,3
147557,2
62491,2
17260,2
89024,2
31733,2
73192,2
52443,3
118810,3
154524,3
142243,4
29095,1
71794,2
69237,4
87954,2
59436,2
69136,2
42818,2
18006,1
104958,1
138719,2
60549,2
119029,2
4183,2
78159,1
96675,1
25373,2
106112,1
39750,2
137031,2
47831,2
21747,3
65902,2
91274,3
92571,2
38302,2
10740,1
5266,2
46954,2
65764,2
142767,2
4009,2
124494,2
105784,2
144683,2
142354,1
138003,1
17012,2
83687,4
134438,2
22930,2
66656,4
147,2
77991,2
20169,2
71168,1
45670,2
21236,2
64437,3
64139,2
35650,1
93325,2
40994,1
151958,3
40059,2
55937,2
77511,2
105459,2
86445,1
146248,2
27933,2
71921,2
23062,3
78269,1
13112,1
115521,2
3068,2
151323,2
68074,2
66149,2
50168,1
65962,2
58703,3
56464,2
88173,1
77075,2
96012,1
148376,2
99459,3
50792,2
68002,4
70627,2
18721,2
98931,2
131608,1
129125,2
73287,3
128300,1
17733,3
85209,3
74090,2
66016,2
934,3
51889,2
30685,1
70141,1
18465,3
135586,2
88570,2
18849,2
11227,1
67751,3
57717,2
5986,1
141611,3
32124,3
143261,2
84314,2
139808,2
118469,2
74562,2
42575,2
15734,1
136609,3
48796,3
5775,2
151377,3
100616,2
38201,2
25565,1
51589,3
37483,2
16768,2
148948,2
115356,2
71320,2
95825,2
69077,1
124697,3
113580,2
36915,1
127395,2
101263,1
77232,2
51645,2
76418,2
47503,2
85957,2
68611,2
13590,2
102092,2
41588,2
108259,3
34796,2
100522,2
139426,3
46253,1
122737,3
121346,2
27087,3
83118,3
123501,2
40643,3
133991,3
604,3
54286,2
31066,2
55609,3
149069,1
61251,2
60324,2
129329,3
28616,2
78984,2
149078,2
78630,2
148573,3
52408,2
23229,2
55569,2
46714,2
106677,2
85466,3
116545,2
60362,4
62076,2
71660,2
44974,2
134758,2
65240,2
71576,2
143201,1
155945,2
6588,4
44064,2
3941,2
7458,2
74401,2
54365,2
51019,2
8978,3
100273,3
49954,1
22503,3
24512,2
14097,3
91942,2
125716,3
112621,3
31985,3
60518,3
129498,2
118547,4
113618,1
148453,2
4405,2
62,2
30428,2
143766,2
28509,3
60750,2
69619,2
98017,2
35938,2
43075,2
134902,3
87488,2
146067,3
98889,2
95607,3
129254,2
77173,3
115988,4
46444,2
95553,2
153379,2
52247,1
130147,3
98420,2
46226,2
15551,3
42170,3
101110,1
21970,1
9094,2
141334,2
25346,3
54963,3
17704,3
26543,3
65224,3
30291,3
127642,2
67883,3
8020,1
84421,1
57485,3
130315,2
72707,3
154212,2
51952,2
119521,2
134493,3
24109,2
34335,3
92853,1
36984,2
73762,2
47202,2
115442,2
51042,1
50059,2
109145,2
115757,2
109354,2
103566,2
110886,2
5886,2
103752,3
137116,2
74061,2
37569,2
129198,3
13894,2
70323,2
92889,2
30854,2
148876,2
99904,2
26057,3
56039,2
130275,4
38036,2
84800,1
65724,3
23875,2
9937,3
55027,2
130450,2
23276,2
51834,2
121030,3
154428,1
6341,1
73350,2
50060,2
47957,2
976,4
146024,2
91147,1
31286,4
91466,1
139807,3
106277,2
135468,3
27660,3
106911,2
106422,3
86277,2
25787,2
141735,2
63587,3
56359,1
42178,2
91746,2
46081,2
58501,1
53928,2
62516,2
128635,1
39701,2
151622,2
2351,4
106464,1
119685,3
89929,1
46665,3
99065,2
26216,3
70404,1
152264,2
37198,2
34804,3
136861,2
105135,2
58827,1
14961,2
82857,2
51280,2
70387,3
134808,2
94830,2
16509,2
22349,3
123088,2
43294,0
20585,3
38094,3
55109,3
104277,2
69784,1
51779,3
953,1
21439,3
119654,3
110136,2
84125,2
54835,2
104514,3
78018,2
77407,2
56074,3
129723,1
6455,3
96277,2
101728,1
21740,3
71442,2
73667,3
94051,1
118110,3
95901,2
90830,2
47614,3
125704,2
10936,3
651,2
125236,2
138192,1
154920,2
142152,1
147988,2
116599,2
146497,2
45355,2
79835,2
63421,2
95910,2
55711,2
4028,1
4039,2
61472,2
1263,2
111200,3
100198,1
28308,2
131292,2
127504,2
37756,2
53854,2
128908,2
25491,2
105414,2
36440,3
38945,2
37425,3
56132,2
100834,2
67404,1
93256,2
122045,0
91429,1
151872,1
36858,2
98831,3
137609,2
41261,4
53742,3
4720,2
74056,2
120062,1
71270,2
86145,2
1914,1
60171,3
13518,2
49618,3
11951,2
108317,4
82680,2
141032,1
85112,2
76798,2
70901,1
19718,1
125397,3
23858,2
53578,2
97976,1
109486,2
67796,2
34857,2
63881,2
18879,2
29469,2
37614,2
141505,3
112199,2
143369,2
40800,2
3409,2
111529,2
46456,2
111465,2
59986,2
36606,2
93650,3
22399,3
137398,3
39631,2
49788,2
68087,2
26729,2
87895,3
105706,3
102505,2
48236,3
90503,2
55099,3
102312,1
32831,3
58657,1
131451,2
110366,2
132482,2
71572,2
98541,2
137102,4
40733,2
49118,3
121893,1
115382,3
131388,2
56157,1
33214,2
49893,2
51897,3
95772,2
138732,2
88435,2
7373,3
127884,3
123803,2
134290,3
115880,2
114702,2
36075,2
12360,2
90069,2
118140,1
95198,1
21516,2
149952,1
50991,3
117469,1
139512,3
58523,3
50017,2
91593,2
92507,2
148098,2
142723,3
93960,2
31931,1
109492,1
93503,2
101177,2
88992,0
67870,2
155688,1
59199,2
145794,2
133921,2
47329,2
137069,3
88982,2
155559,2
29249,1
88001,2
92020,3
33351,2
132109,2
31627,2
142266,3
128780,2
97111,3
149220,2
120380,1
53603,1
93349,2
20446,2
152883,3
3956,1
97150,3
14439,2
88047,2
72669,3
53667,2
30630,3
108987,2
10676,2
97311,2
56945,1
131722,2
13951,1
100133,2
143286,2
64624,3
9204,2
48739,2
88958,3
148953,2
34789,2
153291,2
121839,2
42861,2
72421,2
20370,3
84457,3
98890,2
147219,2
41394,2
105681,0
95312,2
95037,2
76429,2
144575,2
101497,2
12745,2
120082,2
95699,2
57430,2
135755,2
72988,1
14742,3
53222,2
47587,2
55213,1
128965,3
38785,2
93108,1
60082,3
57079,1
36536,2
69754,2
3717,2
99712,1
153790,2
121685,2
8145,3
56523,2
74243,2
149113,1
155006,2
61920,2
118375,3
1306,1
115024,1
52894,2
113374,3
140895,2
57989,1
155226,1
58466,3
19403,2
56565,2
2593,2
3018,3
63180,2
151096,1
65151,3
26012,3
17763,1
148572,2
109089,2
80913,1
110687,2
72106,3
56863,2
11279,1
113437,2
21270,4
78038,3
149226,1
132027,1
1671,3
121769,2
148372,2
76698,1
80035,2
143458,2
44566,2
40683,2
114138,2
75585,2
37774,2
114911,2
47015,1
105136,3
56593,2
35664,3
24694,2
123597,2
106735,2
21435,3
25334,2
113003,2
1481,2
53121,2
83154,2
28353,2
2742,3
85182,2
49886,1
151574,1
31579,2
65980,2
115709,3
62454,2
25880,2
148521,2
155050,4
112053,2
35593,2
18381,2
111613,2
46564,2
102963,2
41855,2
123652,2
140755,2
60653,2
56984,3
3393,2
79452,3
141331,3
5662,2
58044,2
91982,4
22544,2
132837,2
10321,2
26944,2
147884,2
353,2
112917,3
13315,2
15051,2
92531,2
45608,2
128473,2
122955,2
126526,2
88772,1
104973,2
44339,2
115373,1
102265,2
9798,2
1430,1
72626,2
90550,2
78837,3
44219,1
67666,3
47026,1
7921,3
3950,1
57675,2
76186,2
44045,2
125,2
87713,2
33878,2
104294,1
121351,3
84964,3
1974,3
41799,2
132373,2
19518,1
142105,2
56642,1
8287,2
79389,3
82245,3
19364,3
90857,1
58914,2
137537,3
65358,2
110966,1
40668,1
134553,2
128820,2
55061,2
23068,2
137512,3
108584,3
132908,2
45853,2
44833,3
89762,2
120343,1
93439,2
88490,2
102267,2
143875,2
118156,2
46127,2
144686,3
153622,1
51919,3
58622,2
92348,2
61734,1
119160,2
4921,2
72618,2
145802,3
32833,2
93935,3
37826,2
140587,3
125821,3
130741,3
51830,2
101987,2
78966,2
65673,2
59207,2
117458,1
9350,2
104361,2
82653,1
8875,2
77267,3
19064,2
81149,3
27119,3
153691,2
70357,3
154608,2
84436,1
111575,1
79937,2
145159,1
61291,3
73140,2
137612,2
125578,3
87814,2
115099,2
23247,3
65488,2
129497,2
11766,2
17568,3
9030,2
34601,2
45387,1
77120,2
32660,2
98909,2
98003,3
85121,2
36443,3
21661,3
119919,2
57017,2
10871,2
149717,1
47160,2
53955,2
61498,4
146083,2
20554,2
114812,2
16633,2
139788,2
90954,2
125233,2
117632,3
131627,2
122861,2
154949,3
39392,2
143305,1
133982,2
17536,1
82605,2
149040,2
63257,2
61744,1
83245,2
91442,2
109109,4
53997,4
140213,2
118968,2
126855,2
67645,1
129237,2
102449,3
110063,2
62666,1
53587,2
25646,2
100802,2
38310,3
64276,2
116945,2
75772,3
144423,2
90099,1
32882,1
121647,1
155937,1
12603,2
105319,2
97031,2
40312,2
70370,2
94324,2
31935,1
118093,1
126311,3
121498,2
29328,2
63185,2
90110,2
109735,3
4486,2
33429,2
114827,1
56993,3
95287,1
36067,2
43127,1
94897,1
108727,1
70825,2
9042,1
136511,2
11575,2
64306,3
90506,3
63760,0
101284,2
32896,1
96901,2
101347,3
20701,2
87074,1
146210,2
91674,2
64217,2
152907,1
7526,2
34821,3
6800,1
88722,2
139767,2
32574,1
74538,2
14562,2
124549,1
76692,2
101607,3
30308,1
128756,2
52262,4
56778,2
29793,2
30075,2
9686,1
146043,2
147836,1
122650,2
9568,1
56728,1
143404,2
155655,2
51448,1
106173,2
74416,2
42064,2
78794,2
105168,2
12286,2
142597,3
106098,2
17695,2
42551,3
48548,2
89272,2
4477,2
144843,2
7367,4
106207,2
107051,4
154370,2
14108,4
94574,3
114981,2
86984,4
10588,4
90070,2
128322,1
117001,1
148977,4
352,2
6081,2
67076,2
90088,2
129158,2
141020,3
49205,1
134779,2
87196,3
139442,2
147942,2
999,1
65690,2
37263,3
113512,2
28653,3
41761,1
107440,4
80217,3
15445,2
100233,2
42834,2
132350,2
130365,2
154342,1
62981,2
74324,2
142801,2
62785,1
137841,2
66765,3
15245,2
74325,2
75629,3
73194,2
78611,2
153517,1
147376,2
38028,1
109451,3
65636,2
62519,1
89842,2
83797,2
2862,1
49471,2
63902,3
109407,1
91653,2
155121,1
100904,2
62088,1
16645,2
125582,2
123037,2
71342,2
14852,2
45690,2
73143,2
36616,2
118116,2
65108,1
64941,1
134415,2
34077,3
138633,4
29795,2
147977,2
11609,2
28320,2
65878,1
38999,2
85960,1
102364,1
27110,2
15685,2
139723,2
57134,4
66192,2
22578,3
43018,2
123820,1
97470,2
18436,2
56882,2
78974,3
49637,1
36023,3
22857,2
13642,2
22361,2
101815,3
134556,3
154007,2
150947,2
108488,2
71917,1
89546,2
8787,2
63543,2
150616,2
54940,2
23650,2
34705,1
93862,3
153953,2
134682,3
76519,2
145042,2
121525,2
2777,3
33158,1
61802,2
17779,3
121516,1
63875,1
115688,1
52665,2
73940,1
114488,3
64581,2
50282,3
143394,1
87824,2
149474,0
137045,3
112780,1
1937,3
38811,2
91849,2
98978,3
66709,2
11467,1
149648,1
22800,3
35730,2
45492,2
129412,3
93995,2
63718,2
45037,2
36088,2
58637,1
114554,1
31278,2
145016,3
56944,3
43299,2
105076,2
139839,2
133822,1
148062,3
62469,4
108305,2
102736,2
66454,3
14611,1
45461,1
38814,2
153690,3
41998,2
137821,4
12878,3
50108,2
1103,2
2941,2
141919,3
122047,2
111942,2
142000,2
124044,2
152966,3
66918,3
119450,1
53688,3
88495,1
51577,1
49301,2
100165,3
77372,2
142463,3
44558,2
100039,2
109396,2
117065,2
98010,3
85679,1
6513,2
146940,1
5688,1
99263,2
27248,2
133705,2
22430,2
53119,1
81000,2
15855,2
126407,2
62631,3
45983,3
69587,1
29367,1
137193,2
39957,2
22332,2
7379,3
148987,3
16590,3
150489,2
90425,1
77680,3
19696,3
13225,3
100512,1
152818,2
144823,2
2301,2
90979,2
55230,1
108555,3
103139,1
147355,2
10422,3
87450,2
147210,2
19477,3
88292,1
75038,2
55933,2
129115,2
84366,3
41757,1
61638,2
78759,2
71509,2
12732,3
44740,1
22976,2
76279,1
137051,2
152164,3
144938,1
120005,4
121470,3
30140,2
31609,2
56734,2
101029,4
129834,2
33413,2
122042,1
117084,2
69545,2
66193,2
148164,2
60627,2
143961,2
73244,2
45382,2
124625,1
146220,2
133464,3
44139,3
121040,2
57610,4
60709,2
6515,1
65233,3
71786,2
113634,1
134440,2
148931,3
21294,3
101699,3
81055,3
117235,2
967,1
128337,3
46584,2
5272,3
109155,2
150576,4
104248,3
543,2
149538,3
81672,2
150594,2
9681,1
17987,3
92791,2
53516,2
822,1
20022,2
38597,1
7563,1
116967,2
83312,1
68277,3
21007,3
70952,2
149013,0
122745,2
8745,2
69406,2
20236,2
156,2
70313,4
80580,3
3159,2
92093,1
10925,3
3560,2
25071,3
4791,2
65862,3
39191,2
69612,3
10275,2
127586,2
137499,2
102003,1
23998,2
79900,2
93536,1
135278,2
9662,3
39435,2
131853,3
151420,2
79698,1
5104,2
6538,2
12654,2
142019,2
136791,3
110984,2
121569,2
87664,1
85793,2
26600,2
49021,2
39194,3
49699,2
42642,2
48766,2
117185,2
90085,1
129662,2
96853,2
74042,2
13159,2
105596,1
52581,1
73567,2
63927,4
116208,2
50766,1
114034,3
19713,3
135001,2
75142,1
15870,2
106497,2
30386,3
64814,3
9706,2
90278,2
130833,3
151156,2
102844,3
64906,2
138398,2
56455,4
149276,2
70814,2
3870,2
22078,4
115141,2
119064,2
38846,2
73642,3
117750,3
75912,2
67596,1
22579,2
2203,2
42629,2
95637,2
28038,1
31021,2
31714,2
38991,2
42532,2
60931,2
154561,3
36740,2
79119,3
120200,3
61518,2
111433,2
125760,2
77070,2
39008,2
100574,2
42962,2
94837,2
154097,2
34815,1
104003,2
121751,2
89120,1
18714,2
28352,3
124392,2
89651,2
88571,2
41811,2
71506,1
76850,2
77897,2
108724,2
100863,0
25503,2
105618,2
96842,1
78952,2
101999,2
125096,2
44824,2
72802,1
152077,2
19225,1
130933,2
83311,2
1091,2
123625,1
107151,2
150440,3
99384,2
85612,2
141104,0
34328,2
139430,2
104732,2
89195,2
12276,2
58309,2
2667,2
99609,2
89997,3
103322,1
40574,2
128321,2
123792,2
123762,2
21256,2
51031,2
142710,3
40889,2
83716,1
122802,1
31872,2
86374,2
90076,2
108607,2
25128,2
135058,2
61465,2
124661,1
91067,3
27231,2
16524,2
13216,2
35706,2
14388,2
88436,2
117468,2
151073,2
102664,4
12330,1
53649,2
56933,1
129947,2
73389,2
83213,3
16810,2
11714,2
63680,2
107441,2
143402,3
145125,2
30517,2
98224,2
118157,3
94557,3
103389,1
55428,3
112984,3
2976,3
101736,2
124818,2
153096,2
11423,2
15108,2
26875,2
147874,2
21816,2
20846,3
121631,2
23482,2
77014,3
47565,2
51401,2
70810,2
101707,1
11241,1
108234,2
115470,2
22536,2
111607,2
11251,2
61779,3
113079,2
152924,4
71454,2
77730,2
106092,2
22407,2
110271,1
80665,2
68817,3
84524,2
73170,2
152364,2
1734,2
30404,2
144766,3
8056,2
100766,3
74892,2
80014,2
48606,1
78596,2
133449,2
100750,3
139189,2
95097,1
71371,0
124755,2
118136,2
35798,1
65546,3
109438,2
51038,2
72712,3
74489,2
81092,2
43624,2
139928,2
109299,4
25155,1
148980,3
61546,1
17151,2
67135,1
88734,2
135593,3
15489,2
142778,3
95250,2
51310,3
59123,2
111461,2
139611,2
96250,2
4903,3
58321,2
130141,2
99776,2
22395,3
32338,3
58349,2
64240,1
93263,2
137791,1
54613,2
69440,3
93369,3
69743,2
129735,2
64436,1
82150,3
53395,2
130148,2
34686,2
27277,2
109591,3
95012,2
11700,3
57827,2
124304,3
149146,2
78690,2
94024,3
50447,2
70391,2
59510,2
113398,0
106576,1
77198,1
127023,2
99528,3
54267,2
107092,2
57739,3
150159,4
119651,2
86780,2
46216,2
125861,2
90028,2
63019,1
9633,2
147305,3
99002,2
104407,2
142537,2
17563,2
34812,1
5930,2
139181,3
56501,2
7778,2
80242,1
91185,1
110652,2
76335,2
33445,2
53126,2
94414,1
57858,2
55534,2
86760,4
70426,3
29432,1
48673,2
149571,3
114850,2
93407,3
51848,3
13861,3
155084,2
48287,2
135484,1
34931,2
11139,2
123493,3
144905,2
116866,3
130631,2
105597,2
61956,2
87928,3
18907,4
29495,2
27937,1
11726,2
154874,4
134115,1
137717,3
3270,2
100060,2
91839,1
70469,1
18389,2
142655,2
136737,2
111676,2
71294,2
74017,2
84608,2
123572,2
118716,1
117109,2
77781,3
131097,3
133968,3
122457,2
87034,3
116894,1
74635,2
10342,1
149373,3
65653,2
59068,3
40127,2
105508,2
49969,2
79319,2
81535,3
64061,1
130790,1
32265,0
109730,2
5734,2
68038,2
23965,4
136498,3
27894,3
153158,2
47152,2
7517,2
10045,2
47892,2
2668,2
11449,2
51616,2
52074,2
88775,2
108903,3
135870,2
137048,1
111985,2
92951,1
126534,4
121305,3
13715,1
131565,2
144947,1
118540,3
83681,3
154016,2
57482,3
45614,2
46359,3
83272,2
67138,1
85345,2
134142,2
48911,3
129434,4
95691,2
107460,3
58698,2
33085,2
104756,1
136154,1
34106,2
97521,2
136237,2
121273,2
35789,2
61591,2
108891,3
89575,3
116513,2
140576,1
88071,3
85084,3
53675,2
59949,4
64282,1
69802,2
123544,3
19072,2
121748,2
154596,4
64565,2
139999,2
127659,3
99603,3
63198,2
126778,3
22327,2
27895,2
150146,1
42448,3
46004,2
123953,1
125274,2
126135,2
39686,2
132957,1
20900,2
149104,2
47101,2
109137,1
40473,1
53072,3
99450,3
14689,1
57059,3
108767,2
75337,2
145269,1
90706,3
147840,2
65400,4
133360,3
38562,1
62601,2
109938,2
146517,1
18712,2
100983,2
18653,3
90367,2
8378,3
32780,2
35384,2
75896,3
49988,1
42406,3
87053,2
71128,1
100339,1
47712,2
151679,3
134409,2
24772,2
59827,2
147053,2
116218,2
119539,2
124468,2
103186,2
41343,2
81087,2
87832,2
134580,2
78474,4
130390,2
56031,3
14912,2
108143,1
31002,3
31975,2
23854,1
37440,2
140504,4
16677,2
56302,2
105688,2
111771,1
39601,2
148127,3
121190,2
25974,3
140563,2
35370,2
128876,3
87205,1
72482,2
101901,2
96038,2
113057,2
138259,2
127436,1
132700,3
57525,2
144989,3
3988,4
58846,2
52056,2
2246,1
81835,3
4839,2
112469,1
23137,2
7942,2
137591,3
128860,2
9854,2
118858,1
92467,2
69561,2
17387,2
80286,2
17975,3
129257,2
137000,1
30082,3
133436,2
28726,4
39211,1
73113,2
1615,4
78548,1
94685,3
103240,2
125117,1
64483,2
70084,1
108425,2
11455,2
121925,2
81843,3
9925,2
152833,2
115678,2
10287,2
17678,2
79704,2
1455,2
125897,2
500,2
11626,2
122949,2
44944,2
149669,2
40484,2
40612,2
785,3
127167,2
146110,2
17900,2
61856,2
93950,3
76625,2
95442,0
117009,2
115546,2
7608,3
80033,3
122163,3
44947,2
107629,3
710,2
40582,2
6962,2
117974,3
104715,2
11428,2
52811,2
38081,2
88278,3
9306,2
126014,2
57644,3
73478,2
36479,2
70401,2
138827,1
40165,3
14309,2
31652,3
33326,2
107017,1
146657,3
26062,2
60399,2
93173,2
108041,3
91481,2
118055,1
45493,1
139249,1
4155,1
119057,2
154187,2
103936,3
122698,3
78067,3
37692,1
86231,2
18048,1
42319,3
6097,2
44647,1
107216,4
85012,2
134581,2
134679,2
107423,3
122587,3
80993,2
19943,1
11030,2
31028,2
120338,2
71567,2
64059,1
122329,2
108486,2
139911,2
65141,3
112125,3
148149,1
111767,2
21711,2
141111,2
38725,2
16516,1
24203,2
84741,3
3748,1
123891,3
114376,3
38144,1
98598,2
2364,2
86598,3
34349,2
139591,2
151172,2
9070,2
151796,2
125929,2
127072,1
99166,2
27358,3
105998,2
65230,2
32634,1
50351,2
55997,2
143049,2
75260,2
107220,2
81567,3
112618,3
78075,2
76810,1
81366,2
110558,2
108047,3
104207,2
148769,2
98152,3
97330,2
20389,2
102444,2
38647,2
89015,2
90946,2
19621,2
120759,3
64234,0
85509,3
53619,4
37812,1
153629,1
98805,3
133530,2
94543,1
78667,3
139924,2
89328,3
6577,3
137768,2
104886,2
109825,2
139449,3
47148,2
28697,2
20191,2
41461,2
62598,2
21952,2
4902,2
96654,1
68522,1
84337,1
48446,2
86351,3
60409,1
99078,3
33050,2
120736,2
104279,1
112596,2
56835,3
83307,2
147139,2
122534,2
2702,2
22097,2
117225,3
138140,2
93021,1
34197,2
53815,3
458,1
78326,2
31883,2
66070,1
41359,1
76822,3
69968,2
116118,3
112403,2
70502,2
90373,2
113991,1
25675,2
83184,2
96320,2
103298,3
128316,2
72661,2
99686,2
142967,3
67798,2
59246,3
41955,2
91801,2
28575,2
77976,2
152784,2
70253,2
155901,1
107628,3
94434,1
55799,2
27979,2
10385,2
60788,2
98101,2
149820,2
55760,4
79091,2
97684,2
35660,2
77985,2
92625,4
95679,2
14342,2
52430,2
58597,2
114266,3
80560,3
92744,3
3097,1
29330,2
51311,2
146860,2
78080,3
136323,3
82727,1
117012,2
126026,2
1343,3
5230,2
5495,3
110017,2
96005,3
45416,2
126262,2
118425,1
84583,0
53809,2
111834,2
100773,1
99095,1
30930,2
61006,2
139790,2
111874,2
87674,2
142474,2
80306,2
132964,2
89216,2
38564,2
122513,1
63266,2
152573,2
58841,1
31176,2
149594,2
28777,2
77306,2
92030,2
58614,2
75549,3
8970,3
6194,3
42248,2
49470,2
64462,3
145798,2
70081,2
87239,2
37307,2
104970,2
128447,1
43171,4
48650,2
148947,2
55586,1
152324,2
96007,1
63668,3
142821,1
15995,1
145341,2
124195,2
126096,1
142591,3
49475,2
12371,3
65119,2
58742,2
96121,2
117413,3
94560,2
104456,2
41858,1
108611,3
114931,2
61534,2
147360,2
102972,2
71073,1
131517,2
114367,3
141511,3
21818,2
49701,3
141442,2
29516,2
84745,2
49800,2
20005,3
100993,2
107665,1
78405,2
56656,2
16847,2
58984,3
140481,2
46566,2
15707,2
42938,3
82427,1
90241,2
77092,1
24848,2
50731,2
63566,2
149425,1
153490,2
126577,2
89286,2
87746,1
101365,1
139943,3
123772,1
4295,2
148462,3
62084,2
94744,3
114040,1
8664,2
53525,3
99805,2
117710,1
56085,2
12822,2
60336,2
144056,1
19768,2
5214,3
132,2
9085,2
92213,3
58113,2
122653,2
7512,3
66772,2
109470,2
22801,3
98840,1
116461,1
19102,2
56682,4
9239,2
111477,2
10194,2
71040,1
113963,2
48596,2
39720,1
39798,2
128327,2
130106,1
51803,2
20364,2
82009,1
35065,2
99951,1
128815,3
109675,1
62663,2
76202,2
141872,3
94511,2
14457,2
78216,2
45352,3
25510,3
137033,2
154951,1
4309,2
24204,2
81288,3
5259,2
20837,2
47028,2
84820,3
87498,1
7655,2
110110,1
2125,2
46069,2
111604,3
29148,2
50896,4
71022,4
152722,2
143822,1
72807,2
94294,3
106649,2
50019,2
131590,1
141805,1
51587,3
49487,1
2968,2
18672,2
40163,1
137715,2
123700,4
151028,2
147228,2
65078,2
90948,2
108279,2
12381,2
103666,1
93253,1
41863,3
17365,1
33327,2
143092,1
11825,1
130701,2
129640,3
62617,1
34634,1
18203,2
24753,2
103526,2
155550,1
28577,2
122966,2
104022,2
110179,2
62188,2
58200,2
127460,2
67127,2
38490,2
153485,2
55535,3
51927,2
42590,3
110405,2
125373,2
38895,2
70768,2
131273,2
129758,2
28082,2
62179,1
91405,3
99158,1
63565,1
74125,4
55932,2
136122,2
132828,3
73507,2
93136,2
153667,2
44155,3
118738,2
81393,2
121282,2
126977,1
75073,2
143604,2
79676,2
144687,2
121088,2
48411,2
24579,2
37794,3
116339,2
89252,2
131419,3
114434,4
15095,4
49361,2
38960,2
137228,2
28076,4
143149,3
78747,1
77776,2
16298,2
65769,1
1288,1
87677,4
9396,1
108331,3
120016,3
77288,2
30809,2
92550,2
152139,2
134027,3
151489,3
29624,2
140317,2
151990,1
139893,2
62809,2
83061,2
55877,1
138996,2
75634,1
107763,2
55392,3
137083,2
64512,2
141957,2
22986,2
85564,3
143236,2
49594,2
99806,3
99820,2
56262,2
95563,2
80405,1
116715,2
63424,2
127320,3
28516,2
46951,3
118971,2
8329,2
150257,3
126740,1
102960,3
134598,2
25223,3
68595,2
37006,3
101435,1
87709,1
48714,1
92313,2
121639,1
130406,3
141681,2
99539,1
32490,3
9500,2
32025,1
15518,3
113041,3
85252,1
112408,3
60584,1
37284,2
130256,2
73854,1
82818,2
114603,3
111794,2
129745,3
126966,2
21190,1
123802,3
72471,2
102303,3
12669,3
58383,2
29816,2
114421,2
132399,2
146022,2
62770,2
9581,1
29551,2
153101,3
78712,1
78650,2
59858,2
29663,1
14398,3
64429,1
9702,2
104938,2
99591,2
90036,3
55680,2
116447,2
102493,2
122859,2
154904,2
28935,2
73833,3
103378,3
104577,1
138153,2
70922,2
82170,2
15494,2
113324,2
143487,2
95940,4
87152,2
71722,3
3498,2
104230,1
21038,2
19012,2
96953,2
153188,2
120376,2
114560,2
78116,2
130543,3
63809,1
116987,2
120321,3
39374,2
28290,2
50533,3
27285,3
57211,1
137015,1
57634,1
62517,2
58582,2
89818,3
95624,3
146641,2
129529,3
15366,2
67422,2
27739,2
135255,2
78024,1
109382,2
129674,2
51636,2
141891,1
113868,2
460,1
105927,2
134020,2
108043,4
150985,2
79852,3
102308,3
76661,3
92836,1
51094,2
84273,2
129490,3
103647,2
28281,3
41902,1
25040,2
107290,2
93050,2
55559,2
147345,3
40951,2
78749,2
50933,2
11772,2
30916,2
135949,2
44321,1
127008,2
26844,2
93802,2
85852,2
25733,2
135042,2
17571,2
23430,1
60896,4
80329,2
117677,2
109932,1
52048,2
145677,2
104918,3
120467,2
94133,2
14316,1
154247,3
99185,2
89030,2
150467,2
84444,1
2735,2
21480,2
118695,3
133717,2
112852,2
28975,2
75616,3
42945,3
126877,2
54474,2
6135,3
99857,3
2782,4
90661,2
85271,1
69210,2
55394,2
96944,2
141621,1
24912,2
7861,1
70297,2
27349,2
67524,2
26694,2
146331,2
12758,4
149806,2
21612,2
68067,2
129150,2
129129,2
54496,2
50785,2
99725,2
18868,2
40416,1
40794,3
7494,3
95521,3
36696,2
124686,2
92630,2
146437,3
117812,2
5574,1
3287,3
153027,3
150241,2
147615,3
11263,2
89453,1
8491,2
33808,2
14271,1
82504,1
76205,3
62768,2
44836,3
10668,2
82410,3
78071,2
79394,2
125480,2
118393,2
39096,3
96894,3
152482,2
121086,1
69971,3
59137,3
4753,3
71094,2
121400,3
83116,2
76614,3
105015,1
111157,3
58213,2
83050,0
30818,2
137989,1
60793,1
69511,2
55902,2
47569,3
87304,2
86210,3
35296,2
44361,0
101047,3
137491,2
127927,1
61135,2
146802,2
20950,1
149681,2
17080,3
127767,2
101021,2
25312,2
30512,2
137511,3
107353,2
146184,2
39843,3
15548,2
85355,2
152534,4
38018,2
78761,2
94582,3
46826,2
82324,2
61090,1
141982,2
147579,2
76911,1
68965,2
133264,2
67427,4
34790,2
30507,2
124817,2
48752,2
148522,1
115038,1
62856,2
121604,2
13017,3
141039,3
74126,2
58148,2
60925,2
111984,2
19244,2
106561,2
129266,2
107134,2
117864,2
147149,2
77165,2
69156,1
65800,3
141206,2
116682,2
137240,2
87240,2
77090,2
116406,2
145179,1
91952,2
41933,2
132030,3
118580,2
25968,1
29736,2
74544,4
127059,1
42433,1
30695,3
115147,2
139636,2
145472,1
98815,3
42287,2
77921,2
68600,2
84553,2
71390,2
148971,1
75790,3
48216,2
86991,2
138449,2
105744,4
51728,2
22298,1
44800,3
3461,3
135721,2
58542,2
154876,2
10437,2
42713,2
57805,3
153185,2
84281,2
146761,2
23576,2
114714,1
111014,2
136581,2
16474,2
148157,3
95779,2
34965,3
93111,2
11548,2
52389,2
26318,2
70870,2
85880,2
121880,2
16088,3
85469,3
18953,2
27924,1
66902,2
126432,2
71838,2
733,1
32070,3
146054,3
126787,1
7821,1
64586,2
119545,3
97401,3
914,1
35280,2
49108,3
80960,1
78836,4
93621,2
110341,3
123630,2
92204,3
23631,2
104798,2
92102,3
93733,2
24589,3
668,2
90644,2
104765,1
82341,2
80348,2
17236,1
150663,2
5040,1
29751,2
92714,2
137483,2
146771,2
134642,2
66416,2
60503,3
88699,1
53438,3
152478,1
59115,1
21193,2
74858,4
47322,2
32717,2
90825,2
38448,2
148020,2
77505,2
88339,1
100248,3
139413,1
112545,3
106602,1
111624,2
102944,2
142654,2
129543,1
99829,2
35766,2
136370,1
154144,3
87815,2
44326,1
129141,2
83492,2
25043,1
16840,2
21784,2
112980,2
7024,2
102982,3
137830,3
117049,2
45515,3
67070,3
89018,2
87630,2
116828,1
21798,3
69962,1
68271,1
111016,2
55549,2
63920,1
137995,2
66753,2
133507,4
18708,2
52398,2
55891,2
118347,2
31911,3
153320,2
110155,2
21393,3
102659,2
118262,2
74230,2
33079,1
145414,2
68554,4
49022,1
60326,2
1344,2
109323,1
7014,2
45013,2
43603,3
92010,4
56980,3
151076,4
46808,1
75218,1
133485,1
25238,3
40464,2
15425,2
104784,1
595,3
65130,2
49598,3
135453,2
85547,1
128671,2
47744,3
23313,1
83452,1
25758,1
25959,2
53765,2
98012,2
33070,1
95721,2
64289,2
116448,2
21997,2
85866,2
111308,1
86048,2
35138,2
143054,2
110961,1
140894,3
130745,1
64627,2
112379,1
22723,2
10150,3
41032,1
49517,2
84163,2
39558,2
74168,1
112046,2
88408,2
126950,1
147516,2
5949,2
123034,2
1889,1
28018,0
137898,2
115754,1
29175,3
66724,2
116789,2
20914,2
34756,2
130239,2
60680,3
120743,2
114904,1
89050,4
84202,2
154170,3
49008,2
25430,2
84416,2
21136,3
85777,3
8853,2
91507,1
14560,2
153241,3
134157,2
31657,1
94937,2
87844,2
16663,2
144469,2
123031,2
148582,3
138213,2
57247,2
106698,2
26894,2
73447,2
47576,4
130956,1
52913,2
102603,1
128451,2
10531,1
64612,2
31252,1
5778,2
80011,2
61046,1
17971,3
17903,2
16403,2
135011,2
75239,3
8718,2
8751,2
4670,2
123590,1
6355,1
80155,3
141745,2
122277,0
128650,1
73471,1
87336,2
75638,3
58635,2
144751,3
41165,2
111513,3
82474,3
150070,1
32232,2
141533,2
132481,3
15302,1
132904,2
2835,3
79489,2
513,2
38203,2
19935,1
112731,2
73302,2
68917,2
128845,2
34258,2
84822,1
51596,1
9278,1
43640,2
35977,1
74050,2
92805,2
155357,2
51158,3
91662,4
138849,2
47633,2
119786,1
40890,1
84467,2
34078,4
88229,2
21751,3
73714,1
85968,3
122582,3
22172,3
2483,1
152130,3
118892,2
53978,3
11008,1
76650,2
17758,3
24588,2
4799,3
35732,2
11636,2
25684,4
21169,3
149642,2
73093,1
36144,2
1424,1
82963,4
77401,3
150547,2
86178,2
55135,2
19323,4
84847,2
124214,4
59206,3
76755,3
117621,2
19027,2
53528,3
84429,2
51254,2
89387,1
124893,2
140011,2
2090,1
25842,1
54747,2
79550,2
62707,1
126851,3
18777,2
128022,2
10178,2
82095,2
64271,3
121441,2
139485,2
103966,2
28318,2
74030,2
51812,1
141917,1
75511,2
30820,1
132857,2
132296,3
51008,2
101675,2
38363,2
152887,2
6561,2
14856,2
54778,2
112747,2
110518,2
30723,4
139020,3
126535,1
81477,2
22921,1
40309,2
89891,3
28143,3
82516,2
5487,2
132327,2
5471,1
146694,2
62976,2
124807,3
39052,2
6989,3
118705,2
62841,2
10994,1
130158,3
115703,2
111231,2
18325,3
39621,3
28928,2
104029,2
76843,1
136704,3
84398,1
71451,2
61401,2
92473,2
15491,2
21447,1
14351,2
6221,2
149700,2
68382,2
5689,3
91321,2
150909,2
53024,2
129130,3
127344,3
110442,2
67440,3
13576,2
126507,3
61887,2
142289,2
27566,2
7891,3
4443,2
16097,2
5551,2
90432,1
90543,1
33975,3
119893,2
81308,1
92021,2
90874,2
81356,2
88593,2
115989,3
37192,3
45764,2
152104,1
149799,2
100739,2
39010,2
21082,2
57450,2
55325,1
43020,2
102365,1
112480,1
85703,2
115524,2
48484,2
147787,2
19700,2
43482,2
113388,3
143044,2
9613,2
122139,3
27955,2
101556,2
76297,2
74099,2
115569,2
103199,3
14333,3
47889,2
14029,2
39505,4
90833,4
101386,1
87572,2
46855,1
38478,2
54335,1
39448,2
134181,2
92172,2
31731,2
107476,3
18409,3
61841,2
18713,2
25650,2
27081,2
64822,0
111860,2
117069,1
138264,2
146495,1
112056,2
27940,3
44061,2
46707,2
17392,2
137994,2
78061,2
88247,2
58879,2
59624,2
25048,3
125937,2
49597,2
16708,2
77673,2
74483,2
75716,2
92205,1
73429,3
13072,2
41480,2
82323,3
55202,2
94817,2
95416,3
101750,3
413,3
70279,2
93684,2
124012,2
21295,1
128735,3
49757,2
79899,2
29342,2
116871,3
114541,2
80300,2
127067,2
148919,1
127434,3
99419,2
135075,1
65086,2
50909,2
96525,3
144225,2
127891,2
114187,1
102910,2
88704,3
16131,3
96544,3
99639,2
5846,3
27958,3
70752,3
1942,2
92726,2
128365,2
30226,2
19492,2
19788,2
99556,2
80417,1
101941,3
111646,2
83825,2
97940,2
136389,4
152498,4
82618,2
94791,2
80015,2
69533,2
91900,2
32032,2
30756,3
9726,3
1860,2
106860,3
27798,3
118006,2
120946,1
71793,3
103555,2
103430,4
78210,2
146193,2
143016,2
1995,2
1775,2
27648,2
151577,2
16072,2
100815,2
13265,3
87986,2
59384,1
118544,3
90129,3
27521,3
132884,2
134482,2
152614,2
26958,2
66153,2
149285,3
41954,1
119434,1
13598,2
140414,2
2850,3
79716,1
41345,3
130541,3
50687,3
125783,2
106567,1
10168,2
81770,2
122780,2
145383,2
55191,2
10315,3
11451,1
149647,2
85513,1
85152,2
102011,2
77746,2
16216,2
107236,2
26071,2
125213,3
83565,1
117972,2
21742,1
96978,3
69979,1
113000,2
136747,2
145151,2
52955,2
40131,1
26665,1
138746,2
50448,2
15339,2
96832,3
26962,2
25186,2
88955,2
109236,3
132391,2
94503,2
139125,3
21433,2
135066,2
91272,2
135144,2
130818,2
102468,2
61305,2
41581,2
63370,2
125068,2
142256,2
83542,2
68419,1
128405,2
153895,2
123750,4
121149,3
33579,2
68718,2
24774,2
112147,2
103086,1
121164,3
95887,3
13200,1
95015,2
66254,4
98651,3
142918,2
84709,2
95929,3
27151,2
147660,2
578,2
3092,2
64053,2
79125,3
54842,3
138511,2
5019,2
123661,3
122011,3
54839,1
147827,3
1249,1
142683,3
147868,2
128792,3
3967,2
51204,3
7941,2
124305,2
141860,2
101821,2
5806,2
117303,2
57468,3
50696,2
32891,2
146533,2
104960,1
70042,3
148567,2
93044,3
41399,4
147094,3
92812,3
39271,3
7957,3
98789,2
63028,1
143457,1
129607,3
82747,2
32172,2
136126,2
142837,4
97096,2
102475,4
151123,2
2768,4
16980,2
53278,2
154506,2
10850,2
132659,4
84912,2
31617,2
92534,4
60062,1
78797,2
31104,2
95762,2
109903,2
87092,2
92096,3
138745,1
147287,2
101782,2
25938,2
137560,1
44300,2
96093,3
1495,2
90533,2
28464,2
26677,2
8656,2
46821,2
58246,2
62005,3
75791,3
29253,2
63979,2
47786,2
43678,3
117602,3
64733,2
76918,3
389,2
98418,1
137333,3
32744,2
139411,3
137899,2
108208,3
64666,2
129654,4
65083,1
108215,2
50427,2
7966,1
59708,2
96559,1
58801,2
6556,2
21308,1
82938,2
129594,2
73706,1
86709,3
80192,4
23295,1
73639,1
75377,3
101588,2
127978,1
94078,2
132672,2
39180,3
36193,3
76933,2
46158,1
71999,1
10605,2
58862,2
23039,1
68666,2
24323,3
136146,2
124891,0
38711,2
98878,2
23339,3
40806,1
63080,3
127914,2
6849,1
106456,1
133197,2
46922,2
31090,3
79121,1
116032,3
142257,1
121041,2
70428,2
58610,2
153107,3
28111,2
26556,3
41427,2
23560,3
27620,3
137729,2
118594,1
29349,3
33954,1
11237,2
43750,2
10678,3
99342,3
25493,2
133124,1
140555,3
151621,2
472,1
98499,2
136915,2
118264,2
41782,2
19274,2
45285,2
72028,2
56422,2
11132,1
87499,2
23414,2
13243,2
109776,2
12229,3
40999,1
107963,2
120868,2
99262,1
14160,3
14227,2
63029,1
22818,2
124612,3
146544,2
78029,2
36158,3
58664,1
41053,2
53460,2
1751,2
13084,2
79848,2
32448,1
55524,2
91301,2
140235,2
85145,2
13575,2
126237,2
19740,1
94450,4
32686,2
91313,1
113130,2
118298,2
99069,1
18600,3
100351,2
126676,2
147957,1
136347,2
36948,1
49120,2
73865,3
126993,2
41536,3
53350,2
64152,3
81453,1
99398,2
71341,2
73515,2
151005,2
38588,2
144398,2
84618,2
151441,2
108648,2
72343,2
121912,2
20933,1
10023,3
93154,2
32839,1
17474,2
127768,2
96875,2
141242,0
107327,1
75226,3
72528,3
14520,2
91212,3
114103,2
108821,1
95305,2
133381,4
89480,3
58601,2
122185,2
21317,2
41370,3
30060,3
29726,2
146594,2
90818,1
144541,3
31808,1
2377,1
144981,2
102090,2
84196,1
116935,4
41881,2
138666,2
70259,2
56855,3
127235,4
116658,2
112789,2
103767,3
94999,2
119641,1
7996,2
119626,2
96083,2
89332,2
142917,2
109458,3
53562,2
94035,4
142726,1
154360,2
11385,3
32861,2
139246,4
47499,2
90738,2
121846,2
149563,3
62557,2
67262,2
88366,2
77838,3
26449,2
155146,3
3217,3
64242,2
132510,1
140589,2
117719,3
19635,3
75276,1
139544,2
47100,3
151141,3
102571,2
9644,2
70784,3
43617,2
15962,2
126171,3
140244,1
33990,2
68117,2
147176,2
85594,3
89422,3
114382,2
41331,2
55954,2
147762,2
101134,2
143653,3
31389,2
4144,2
38383,2
95662,3
146360,2
20341,3
6233,2
129397,2
90769,2
44049,2
107438,1
99819,1
56644,2
73056,2
101611,3
55790,3
133344,2
5766,3
6715,2
117059,2
153514,2
27721,2
126177,2
147028,2
36072,2
30275,3
123938,3
129451,2
136557,2
150468,2
127496,4
4274,2
36877,2
46648,2
17212,2
116917,2
152008,3
69298,2
112280,2
11955,3
129414,2
4776,3
62199,3
141319,3
100635,3
78725,3
42779,1
141939,2
102246,2
34633,2
48466,3
12483,3
123992,2
137273,3
52396,2
111666,3
8265,1
72379,2
107284,4
37718,3
35408,2
140877,2
33602,3
148641,2
114406,3
63831,2
84454,2
91117,1
30792,2
137894,3
1465,1
51833,2
43063,2
3631,2
96534,2
144537,2
41937,1
67363,2
46769,3
126617,2
124982,2
92048,2
51359,2
35957,2
134387,2
136552,2
53554,3
154350,1
100348,2
146327,3
133101,2
78034,2
122755,2
41908,2
90042,3
86739,3
61333,1
23421,3
89086,2
77218,1
116217,2
90592,2
147599,1
121716,2
2163,1
78438,2
58767,2
134969,1
14591,2
39054,3
130478,3
46084,2
151101,2
129053,1
135031,2
117637,4
148719,3
36883,3
18873,2
70847,2
34820,2
74897,3
139046,2
22001,1
46130,2
132019,3
106417,1
37675,2
21728,3
38405,2
26376,2
102764,2
69360,2
40781,1
80246,2
71680,3
98196,2
142563,2
30518,2
52950,1
103411,1
117388,2
60061,1
154704,1
15399,2
32794,3
64575,3
60593,3
141142,2
129672,1
125706,2
153360,2
9740,3
137903,2
102061,2
10628,2
78320,2
116409,2
38494,2
123364,1
97043,1
104039,1
15713,1
93762,3
36042,3
145089,2
140046,1
21741,2
39553,2
135726,2
130436,3
13501,2
128426,2
75718,2
72887,3
3650,3
11542,2
105711,3
60953,1
15950,1
150053,3
85992,3
64382,3
99992,2
87376,2
56484,3
108876,2
35696,2
133627,2
104179,2
119376,2
1999,2
111924,2
106762,2
55958,3
13380,2
20406,2
982,3
63783,3
21972,4
126427,3
43227,2
81407,2
126784,3
16968,3
53722,2
49000,1
24974,3
56672,2
113414,3
105004,2
106999,2
81738,2
127232,3
145040,1
119695,2
11551,2
100274,2
145663,2
10743,2
67993,2
100421,2
41335,2
47256,2
69986,1
63787,2
70345,1
90723,2
155493,2
134079,2
103785,2
37403,2
37506,3
65795,3
45598,2
122821,1
146479,2
131667,3
124768,2
54985,2
2699,3
132728,2
69537,2
64682,3
153286,2
139583,1
243,2
2299,3
108780,2
24287,2
45411,2
23780,3
31530,3
29050,2
64929,2
7858,2
104336,2
31619,3
131385,3
92469,1
32144,2
41973,2
101847,2
20598,3
23222,1
97270,2
102524,1
56950,2
73249,1
139655,3
143754,2
120188,3
149249,3
47240,3
102557,3
145293,3
89128,2
88910,3
39535,3
16786,2
69485,3
138195,3
4334,2
119100,1
50983,2
137912,2
22812,3
2329,2
52097,3
118315,2
141056,2
96698,2
152421,3
133278,2
75596,2
126760,2
140364,2
129248,2
80851,2
126527,2
121873,2
87816,1
85244,1
154442,3
140501,3
118263,2
117803,1
9661,2
84924,3
19940,1
23435,3
83589,2
80280,2
92891,2
132045,2
73657,2
72494,2
108650,1
90082,2
64931,2
107477,3
117234,2
149685,2
87157,1
87363,2
69772,3
137389,3
6765,2
4374,3
99497,2
63343,4
150023,2
124869,3
21532,3
85528,2
121996,2
87882,2
40630,2
148694,2
341,1
103089,3
56919,3
53750,2
77572,3
107084,3
154782,2
27083,2
138211,3
63545,2
93467,2
53548,2
45209,2
30663,2
146564,2
147482,3
68127,2
123546,3
71179,2
58285,2
82376,2
90734,2
28212,2
110315,1
109357,2
61937,2
87604,2
10512,2
92239,2
13859,4
49579,2
51892,2
28067,2
50073,3
79197,2
6763,2
21128,3
129617,2
8247,3
122290,3
14147,1
2416,4
60111,2
29046,2
39664,3
131728,2
131160,3
95289,1
107680,2
77391,3
125542,2
102893,3
29513,2
109745,2
107907,2
90535,3
134923,2
127812,2
9539,2
75931,2
147772,2
44091,2
23794,2
50091,2
40199,2
59301,2
96015,2
66298,2
87207,2
48773,2
138705,2
123638,2
48124,2
62891,1
68118,3
27748,2
116532,2
13959,2
24751,2
144478,1
101251,4
44837,2
108619,2
76351,3
146853,3
104639,2
106888,2
128135,3
15917,3
13771,2
19290,2
50194,3
43136,2
37336,2
43587,2
13796,4
30240,3
66826,2
55096,2
130497,3
128493,2
142824,3
58615,2
78154,2
116229,3
137937,3
60606,3
49428,1
2805,2
147498,2
77007,2
85878,2
102598,2
74999,3
52658,2
82477,3
98532,1
124838,2
78752,3
143350,3
42015,2
59404,2
142048,3
55122,1
82292,3
101126,2
69169,2
95705,3
36106,2
119364,2
18430,2
91203,3
153053,2
40378,1
95565,2
41303,2
137135,2
122252,2
14221,3
82810,3
140661,2
52316,3
98399,2
20691,2
138889,2
26501,2
76084,3
77150,2
121629,2
110827,2
43777,1
9889,2
43216,2
58493,3
137678,2
65131,2
78520,2
90233,1
29094,1
64498,2
117702,2
81714,2
121168,1
3792,3
72946,4
51415,2
72476,2
79679,2
26554,2
2145,0
145854,2
41800,2
120706,2
52489,1
155970,1
92291,1
110873,3
99993,2
66339,2
101267,3
106941,2
27514,2
73042,2
111198,2
73175,4
117173,3
154728,1
124709,2
93742,4
151433,2
116988,2
3749,2
42089,2
61429,2
40977,2
33427,1
48291,2
113727,2
27429,3
137267,1
99045,2
124295,1
64215,2
140808,3
51469,1
46124,2
54983,3
68415,2
151499,3
120694,2
105294,2
70754,2
4194,2
27232,3
86660,1
34170,2
95156,2
7256,2
54955,2
99604,3
89618,2
21219,2
3224,2
85054,2
77089,3
32145,2
10653,1
73411,3
731,2
24354,2
82281,3
132432,2
6505,1
71720,1
127355,2
73015,1
141254,2
136639,2
24217,1
111685,4
15971,3
114281,2
5231,2
124750,2
149011,2
4933,2
25782,1
112183,3
55297,1
61623,2
806,1
89110,1
41545,2
135277,2
120360,3
145768,3
2904,1
62282,2
101074,2
104930,2
23993,1
10046,3
97994,2
96281,2
87853,2
41622,2
31317,0
17932,3
130544,2
117627,2
66288,2
5092,3
122542,4
69243,2
114809,4
35858,2
97120,2
21814,2
46946,3
150336,3
27863,3
23581,3
50153,3
8707,2
37055,1
22731,2
48473,2
19590,2
149171,2
123554,2
5125,2
132202,2
81194,2
75845,1
38818,1
155517,2
83946,0
95605,2
101724,1
50867,2
108995,2
105119,3
39569,1
28439,1
50659,1
127594,1
73209,3
21351,2
90416,2
61359,3
86078,2
133313,2
21907,2
101226,3
84630,2
80588,2
88678,1
4574,2
9698,2
148760,3
132438,2
88873,2
77248,1
140524,2
21221,2
75042,2
6017,2
53406,2
95300,1
21033,2
63043,2
62143,1
95410,1
87551,2
75040,2
41860,2
146015,2
155661,2
30251,1
144333,2
38940,1
91153,2
142458,2
13719,2
7983,2
8919,3
7239,3
57930,2
42705,2
69635,3
71982,1
129306,1
75610,2
31563,2
107915,2
135510,2
63184,1
152331,2
78577,2
25991,2
50916,2
48201,3
103679,2
137770,3
19920,2
74340,3
17579,2
24455,2
73720,2
3395,3
13319,2
64954,2
36323,1
67628,2
137703,2
68026,2
104516,3
138517,2
136330,2
12238,3
69202,3
135673,2
151805,3
47076,2
138766,2
95160,1
119182,2
11041,3
79826,1
65501,3
61440,3
75981,2
116624,2
25153,2
92619,3
60983,2
73494,2
82480,2
134237,2
22778,3
69112,3
27328,3
117922,3
113142,2
123793,2
5841,2
66887,3
151401,2
133137,2
20745,3
52609,2
30924,2
64692,3
26231,2
53921,2
24291,2
22009,2
23960,3
59939,3
118633,2
34305,2
4459,1
132802,3
46223,2
15106,2
134128,2
91173,2
44394,2
58977,2
151989,2
129609,2
16825,2
141000,2
143392,2
95296,3
88025,2
53845,2
135777,1
76471,3
68378,2
147699,2
46748,1
93473,2
118644,2
154126,2
79315,3
21454,1
54829,0
124663,2
104223,2
63132,3
115693,1
23777,2
31703,3
116515,3
15559,2
35695,1
31448,1
145531,1
51418,2
85817,2
43713,2
25882,2
85551,1
112493,2
61380,2
39711,4
125928,2
154049,1
73116,2
46975,3
38537,2
640,3
30245,2
95457,2
145793,3
31581,1
73117,1
138287,2
56581,2
51949,2
75557,2
82415,2
132166,2
48694,2
4120,2
56705,3
143472,2
68592,3
29622,1
43758,3
127602,2
121332,3
13279,2
87407,2
119133,2
54766,2
18781,2
28084,2
94795,1
28801,2
122896,2
64687,1
99035,2
137436,2
125654,2
41768,2
16842,2
50181,2
22018,2
72826,2
19396,2
10733,2
96349,2
91026,2
79085,3
17883,2
78598,2
62437,3
16769,1
155174,1
144650,2
41155,2
97335,3
116144,4
136587,2
91888,2
20722,2
9516,1
85061,1
40497,2
83623,2
45347,2
142185,3
67410,2
42914,2
153657,3
150474,1
57658,1
18779,2
77958,2
69629,1
48592,3
94236,3
55674,1
37459,1
68473,3
59660,2
147333,2
23323,2
58486,2
107044,2
97221,2
46999,4
68530,2
46703,2
144859,1
66800,2
108529,2
10033,4
144249,1
127360,2
148330,1
58608,1
28449,2
100152,2
73423,2
119223,2
96112,2
103696,2
34860,3
28833,2
20362,2
149889,2
89623,2
15845,2
115489,1
8989,2
155079,3
48396,1
90476,2
153576,2
62782,2
154011,2
114063,2
4380,2
104099,2
131192,1
96516,2
63433,3
68120,2
73676,3
148178,2
112633,2
79673,2
133238,3
39667,3
26383,3
8173,2
47061,2
17233,2
32078,3
54807,2
71395,2
106790,3
25849,3
36331,3
129200,3
61964,2
77037,2
116604,1
93525,3
72543,2
14265,2
97856,2
83407,2
42602,2
94194,2
122536,2
112323,2
31519,2
133534,3
111412,1
22750,3
36751,2
149059,2
52906,2
43467,2
155096,2
94697,3
88133,2
131100,3
27809,2
29464,1
104942,1
88266,2
53375,2
126219,2
145385,2
144934,2
12530,2
145944,2
103903,2
103554,2
145625,2
76226,3
28813,3
101693,3
92439,2
36621,2
87863,2
145140,2
35499,2
13901,2
140360,3
80232,2
134075,2
40930,2
47029,2
53282,2
27420,3
64889,1
686,1
77201,2
128964,2
10314,2
132614,2
144108,3
67511,3
5504,1
106060,4
128064,4
150536,2
42073,2
1551,4
16354,2
5459,2
141033,3
71975,1
51404,1
143152,3
126620,3
150462,1
94262,2
115610,1
42002,3
153869,2
151285,2
139207,2
119212,3
102433,2
74654,3
117705,1
12525,2
11813,1
17354,3
120668,2
100411,2
80536,2
31312,2
83466,2
9123,2
143150,2
38836,2
141622,2
81259,3
147691,2
27993,1
110241,2
7646,2
58864,2
67928,3
128639,2
82917,2
35398,2
65147,2
83701,2
103805,3
93285,2
20460,3
15825,0
142560,2
43166,2
106961,1
105861,3
47872,2
147008,2
124202,2
52797,2
63907,4
146414,2
154658,2
62664,2
85039,2
85662,3
143061,3
98297,2
105560,2
126282,2
151951,2
131576,1
129701,3
121608,2
94724,2
107374,2
42752,1
16679,1
120944,2
140885,1
29291,2
104387,2
110204,2
107866,2
24224,1
98997,2
135350,2
93573,1
154616,2
89982,2
128808,3
105220,3
66173,3
24019,2
101463,1
94631,1
150710,2
139668,2
93298,1
103013,1
16718,3
147928,1
22059,2
135362,2
12369,2
43666,1
99925,2
124208,3
7537,1
85253,2
26566,1
90511,3
93013,2
113273,2
54695,1
122535,2
46404,2
54229,1
2525,2
47894,2
31453,3
28229,2
97583,2
116326,2
108439,1
138734,2
53588,2
11679,2
107140,2
8327,2
45935,3
75196,2
124617,2
123548,2
47970,3
44510,2
103597,2
78462,2
339,2
58446,2
107316,3
153544,3
52368,2
57230,2
29681,3
108226,2
16250,2
97715,2
95204,2
119981,2
44768,2
89808,1
82199,2
82169,2
152212,1
133066,3
113867,2
71097,2
111640,2
132408,4
16499,2
32181,2
52010,2
37980,2
153499,2
33009,1
116999,2
5401,3
132872,2
15879,2
61922,3
125483,3
72716,2
100077,2
120126,3
65399,2
148875,2
119345,2
6450,2
73436,3
98155,2
68596,2
138795,2
10346,2
129990,1
55533,4
49350,0
74172,2
5595,2
14456,2
153151,2
156015,3
40679,3
41548,3
29824,2
140942,3
52230,3
79032,3
65189,3
146889,3
100425,3
105152,2
147663,2
133151,1
49984,3
63522,1
118881,3
5352,1
20024,2
44518,3
58135,2
73774,2
132988,1
117747,2
103058,2
122315,3
138932,3
75114,2
144258,4
94529,2
121506,2
4842,2
70823,2
100314,2
154004,2
150760,1
154026,4
33497,1
143926,2
107275,3
25351,2
33548,2
28554,2
44102,2
68475,3
22859,1
70638,3
128973,1
152522,1
23135,2
140309,2
54146,1
129448,2
73054,2
56123,2
10748,2
63669,2
120109,2
5899,1
73499,3
120416,2
89454,1
114030,2
52225,2
145206,2
130142,1
132903,2
92336,2
30729,2
137475,3
3970,3
116114,2
67697,3
91131,3
76378,3
87851,1
124312,3
131051,3
108481,2
98141,2
100865,2
24729,2
134747,3
89798,2
64855,1
116544,3
88129,2
73844,3
107233,2
96028,2
34643,2
12395,3
116950,2
142460,2
52541,2
154877,2
20577,2
129664,2
91828,3
104492,2
30471,3
68179,3
66501,2
104584,2
7930,2
2747,3
58417,1
43373,2
72959,1
32958,2
133516,2
61874,2
64380,2
27295,3
28072,3
108905,1
111487,2
71535,2
92573,3
85315,3
73756,2
87671,2
38687,3
42867,2
61080,1
125289,2
49084,2
95005,2
26920,1
40331,2
80891,2
139372,3
78277,2
102463,3
115550,2
16767,3
23822,2
54421,2
69434,2
78337,3
146754,2
123188,2
72102,2
93055,1
129090,3
81950,2
81027,2
73825,1
26152,2
146677,2
117127,2
29144,2
17943,2
72665,2
141058,3
74260,2
109669,4
26055,2
150900,2
96977,2
70128,2
41328,2
63091,2
3197,3
154153,3
45987,2
26490,1
56163,2
19638,3
83885,2
129656,2
135564,2
62943,2
120441,4
7046,2
53230,3
30261,3
62694,3
24618,1
28172,1
136035,1
6406,2
151736,2
31682,1
98957,2
135779,2
105741,3
138441,3
95643,3
94093,1
58880,1
144096,2
151257,3
57142,3
143801,3
131325,3
131340,2
18703,3
78501,2
72674,2
110503,2
1102,2
105607,2
113620,2
58957,1
116647,2
3788,2
110713,2
50032,2
77862,2
146611,2
78117,2
93630,3
9800,3
150888,1
36087,2
99357,2
6209,2
141582,2
82919,3
129086,2
28690,2
103488,2
105071,2
7662,3
61379,2
24406,2
89645,3
54341,3
34445,2
144190,1
68135,2
40096,2
54241,3
145428,1
91184,2
100225,2
71797,2
2794,2
83857,1
5528,2
34503,2
119015,1
76685,2
3008,3
13096,2
127041,3
6632,2
79151,1
67730,2
50850,2
116642,3
22179,2
111768,3
55361,1
144065,2
123055,1
133588,2
126923,3
123578,1
88492,2
43275,2
98251,2
89336,2
80163,2
90846,2
111312,3
12261,1
44936,2
116723,2
77242,1
97636,1
152799,2
78579,4
131778,3
64526,1
154207,2
135594,3
133644,2
39928,3
19689,2
2437,2
125502,2
52293,2
27304,2
93555,1
70365,2
87410,1
68536,3
74466,2
70373,1
28083,2
84190,2
14094,1
125181,3
8637,2
102140,2
138871,2
142116,2
95086,2
81215,2
72469,3
150629,2
149259,2
81269,1
147711,1
62966,3
114792,3
96386,2
41416,3
108759,2
133992,3
99175,4
58839,2
138251,3
107667,3
31035,3
136429,2
122224,2
148488,2
96356,2
65676,4
143662,2
65378,2
109002,4
32080,2
49247,2
66881,1
22620,2
137977,2
10661,2
85408,3
7103,1
10665,2
60069,3
121389,2
22051,2
70722,1
22448,2
53720,2
39923,2
61486,2
99534,0
73283,3
59940,3
18002,2
94227,2
101419,2
72792,3
114384,2
92675,2
129736,2
30385,3
45022,2
23468,2
126059,2
21507,2
95110,2
123058,3
108927,2
128528,1
19015,2
4891,2
108919,2
26733,3
11579,1
129854,2
97914,2
54508,2
136257,3
58432,1
61569,3
105533,2
90911,3
130748,2
150668,2
97922,3
104390,3
63339,2
46380,2
81228,2
10945,3
119899,2
122767,2
106788,1
21097,2
37787,3
78139,2
90921,2
4304,2
141642,2
138675,1
131990,2
122480,2
135924,2
53467,3
26083,3
26949,3
147786,2
97160,2
144821,3
21679,2
143794,2
22357,2
80206,1
32264,2
8229,2
24555,1
57590,2
132139,2
25087,2
9163,4
56791,3
136515,1
106550,3
125003,2
39315,2
147984,2
149115,2
62791,2
96209,1
35589,2
71285,3
25581,2
141169,2
55425,3
51338,2
57907,2
32259,2
137055,3
146720,3
66592,1
138747,2
35592,2
65313,2
113959,3
15642,2
151125,2
86024,4
14075,2
36816,2
137551,2
11456,2
63736,3
92080,2
31506,2
88642,1
102507,2
83026,2
106338,2
11297,1
125962,2
134633,1
102535,1
114571,4
66085,1
32125,3
107176,2
47281,1
2989,3
53865,2
12394,2
133832,3
110820,2
146776,3
76446,2
142536,3
92751,3
53494,2
155073,1
11377,2
62070,2
143580,2
140010,3
129242,3
86911,1
25146,3
13149,2
32383,2
47858,3
70208,3
81213,2
44483,1
113545,2
5441,2
121653,2
118301,1
36378,2
106729,2
8888,2
146458,3
129850,3
149112,2
95895,2
7129,2
1957,2
131995,2
138598,3
18457,2
83908,3
146735,3
65876,3
139107,2
63943,2
148209,2
23224,2
5136,4
9610,2
68133,2
63166,2
87290,3
142773,2
149396,2
70276,2
68893,2
135614,3
77379,2
64335,1
112755,2
33860,2
122494,2
116321,2
70347,3
122337,2
120487,2
107609,2
55491,3
141509,2
93690,2
6809,2
136603,3
30536,3
124734,2
9917,1
119101,3
28907,2
64155,2
96726,3
103191,3
115748,1
97106,3
6417,2
23565,2
2136,3
126208,2
39318,2
150523,0
36865,2
111498,2
134521,3
72616,2
96456,2
154017,1
116886,3
115618,3
48340,3
101413,3
39790,3
54591,3
110858,2
60147,2
117884,2
63251,1
143190,2
101502,2
95390,3
108253,2
117268,2
60570,2
72683,3
102240,2
108146,2
44485,2
148090,1
105552,2
118950,3
1346,2
48540,2
51571,2
30029,2
136995,3
952,2
376,2
138980,0
71893,2
145076,3
74832,2
43824,2
72947,2
112081,3
113008,2
131663,2
118866,2
72255,2
4313,2
82274,3
131928,2
59553,1
153733,2
96271,2
57631,4
139815,2
137078,2
54824,4
78654,1
71840,2
154175,2
15914,2
9054,0
42162,2
14918,3
93290,2
32778,2
20109,3
124457,2
76947,2
134245,2
115629,2
61274,2
149454,2
143811,2
83500,2
70326,2
8322,2
125189,3
17309,1
80641,2
87307,2
33967,2
41477,1
22000,2
144694,2
6495,2
114914,3
132418,2
9062,2
8141,2
113043,2
109801,1
103694,2
154837,2
123241,2
53642,3
127093,2
18793,2
134803,2
112723,2
30905,2
129938,2
116253,2
132863,2
1629,2
26151,2
142462,2
117164,1
47429,2
121101,2
98031,2
113289,2
4239,2
20380,2
109524,2
45559,2
16037,2
42345,2
142566,3
102705,3
74948,2
38773,2
13958,2
56564,2
153649,3
32447,2
678,2
73457,1
111983,2
74395,3
106313,4
29104,2
37578,2
91632,2
45661,1
44620,2
141365,2
99684,1
63690,4
46934,1
3115,2
131267,2
151535,2
155845,3
106993,1
9801,2
113227,2
134977,2
119663,2
39208,1
74305,2
148780,2
57843,2
147669,2
25806,2
119751,2
111710,2
88826,4
22905,1
32719,2
128784,2
3504,2
96522,3
145860,3
96295,2
96885,1
51005,1
144104,2
11441,2
69026,1
34375,3
76915,2
41819,2
71362,2
153720,3
119276,3
76390,2
80579,2
19181,2
50914,2
11612,2
35687,1
101119,2
126591,2
103704,3
123252,1
10795,2
11371,2
55626,3
23124,2
150582,2
76814,3
53145,2
29846,2
79758,2
117604,1
110935,2
97100,2
125634,1
100510,3
79014,1
32813,2
38550,3
35117,3
15538,2
139284,4
89851,2
112632,4
125759,3
145275,2
112586,2
112865,2
38852,3
15614,3
155867,1
135780,2
55548,2
101077,2
139868,3
47046,2
7939,2
154279,2
12281,2
128205,2
112361,2
141522,2
103028,2
10884,2
20228,1
93897,2
7543,2
82337,2
84133,3
127900,2
13868,2
4690,2
46558,2
23319,1
121127,2
115858,2
71193,2
63879,2
36404,2
7767,2
30260,3
139731,3
76375,2
116354,2
102692,2
119419,3
114913,2
97098,1
142777,2
80753,2
31979,2
38062,3
71872,2
153254,3
16743,2
91000,1
152931,1
81390,3
114069,3
31195,3
155546,1
16730,2
68342,1
106773,2
48487,2
4317,1
149946,2
78998,2
16025,2
142919,1
41361,4
87992,1
130352,2
51987,2
75022,4
108350,2
134919,1
36229,2
23335,3
103651,2
85666,2
146100,2
21513,2
138144,4
120692,2
41981,2
48492,3
12587,2
55196,2
11315,2
85265,2
50469,2
150357,2
108207,2
147082,3
4592,3
65176,3
95357,1
128584,2
131524,2
88180,1
24536,1
50467,3
12977,2
122622,2
59793,2
149682,2
89416,2
46331,3
77148,3
67041,2
154853,1
7523,3
41604,2
34592,2
32058,3
62350,2
27390,2
124053,3
149582,2
8609,1
109017,0
112525,2
61055,3
106048,2
115231,1
47594,2
88590,2
22724,2
14298,2
3034,3
74191,2
11748,2
27360,3
95236,3
72071,2
6326,3
148358,2
57618,2
84996,2
26638,2
142184,2
81910,2
74672,3
62233,1
153870,3
21018,2
10703,2
155026,2
34805,1
38007,3
105238,1
29218,2
132776,2
107808,4
118862,2
17639,3
25614,2
14919,2
13218,1
77429,2
94253,2
45472,2
99968,2
12681,3
89625,3
24402,1
96825,2
137803,2
153858,2
141110,1
82842,3
143116,3
152001,1
142316,1
91019,2
129867,3
106180,2
104036,3
33217,3
141426,3
83725,3
51884,2
131864,2
18042,3
146379,2
102065,2
131770,2
51863,2
64830,2
133182,3
63468,2
143094,2
70247,2
118824,2
142337,2
46462,2
18277,1
140771,2
88543,2
107733,2
104859,4
109954,2
63390,2
118388,2
18747,2
109217,2
22488,3
12908,3
52479,3
57227,2
155754,2
155168,2
122430,3
135304,3
108537,3
28497,2
95125,1
69628,2
128813,3
115870,2
142260,2
40649,2
64616,2
55102,3
84891,2
27225,2
133996,2
138714,1
43747,1
76043,1
150207,1
111182,4
93305,2
61327,3
14880,2
140704,3
145178,2
108476,2
53073,2
4005,2
8645,2
8179,2
108009,3
150126,3
147591,1
119514,2
81821,2
44598,2
83780,2
15721,1
131282,1
107082,3
38534,3
90496,2
4248,2
63207,2
143077,1
14066,2
46790,1
13952,2
5704,2
149719,2
831,3
114513,2
27168,2
89895,2
18809,1
68886,3
61236,3
138602,3
40551,2
122023,3
134158,2
142665,1
128046,2
74423,2
37514,2
57624,2
50407,2
76726,2
5169,3
155033,3
97912,2
92465,2
13095,2
87352,2
130065,3
128438,2
120254,2
85784,1
50080,2
104479,1
6408,2
110372,2
133799,3
143035,2
4020,2
85724,2
93843,2
36002,1
95628,2
113966,4
28642,3
102936,0
72702,2
61757,2
80542,2
98278,2
25370,2
109141,1
59038,2
117769,3
122311,2
29479,2
91156,3
52564,2
65811,2
67448,3
18782,2
67272,3
31608,1
144915,2
118791,2
146225,2
73326,2
36736,2
93776,1
47828,3
29821,1
111460,4
61487,2
52656,2
93769,2
38164,2
93975,2
137227,1
16608,2
128106,1
25417,2
82734,2
19708,4
55563,3
49448,2
111118,2
127748,2
76473,2
55005,3
153835,2
123888,2
130489,2
1179,3
111939,1
45435,1
155248,1
61807,2
127531,1
59268,4
17149,2
142935,2
52964,2
69605,1
115171,2
136115,1
134728,3
67716,3
21519,1
30800,2
114759,3
63954,1
57600,1
24649,2
25505,2
1561,2
5907,2
14691,2
10291,2
106923,1
35750,3
32809,2
117619,3
111036,1
44073,2
106808,2
141399,2
55327,2
54776,3
69001,2
918,2
45228,3
107513,2
95773,2
6751,2
152274,2
98098,2
93001,2
56188,2
79075,1
126278,2
99628,2
44555,3
96067,1
32991,3
81922,3
100493,3
90670,2
125248,2
18816,2
120108,4
75569,2
103447,2
23264,2
100986,3
32236,1
63056,3
60195,2
146368,2
41227,3
43211,3
27604,1
107649,2
26360,0
115229,3
87337,3
56521,2
109463,2
90933,3
80330,2
94944,3
42876,2
20052,2
119279,2
72941,1
124857,1
50773,3
113552,2
124233,1
81550,2
24607,2
66273,2
103863,2
121926,2
125279,3
23944,3
127698,2
74843,3
123677,1
63977,1
18481,3
27573,3
9674,2
72460,1
40721,1
14280,3
11707,4
113573,2
89720,4
78921,3
58182,4
78551,1
152826,2
59757,0
115642,3
126012,2
41154,2
120335,2
155886,2
146380,3
31672,2
64144,2
109749,2
90049,1
24462,2
3586,1
126845,3
136860,2
101925,2
119830,2
62343,2
135483,2
97834,3
46242,2
83777,3
30234,2
108147,2
63156,2
81643,2
47382,2
20098,2
102187,1
69526,2
148260,3
41879,2
135180,1
97624,1
121750,2
150681,1
133515,3
38395,1
108859,2
100537,2
63707,2
89558,3
42797,1
61894,2
36473,3
31474,2
90122,2
151813,1
84330,1
107443,4
42074,3
116773,1
34677,2
52960,2
9542,2
47824,2
49740,1
9326,2
68003,2
152354,2
125723,3
64734,1
79749,3
10091,2
118003,3
111479,2
76658,2
126395,2
14934,2
51981,2
36082,2
60389,2
135488,4
140532,2
151836,1
28578,3
89754,2
4792,2
33108,2
24709,1
71234,2
100146,2
144427,2
29189,3
44467,2
102568,1
4697,1
60007,2
153209,2
41558,2
126896,3
32465,3
136048,1
95288,2
12289,2
148422,3
4191,2
31486,1
15225,2
111073,2
153717,3
95020,3
84596,1
92570,1
82042,2
94472,2
54484,2
144665,2
44917,3
62620,2
109925,2
22408,1
27150,1
75765,2
29174,2
36575,2
38273,2
37071,3
137359,2
50190,3
114797,1
99704,2
24023,1
133920,2
91618,3
71870,3
155002,2
142206,2
42977,0
10158,2
26185,2
128593,2
20702,3
63623,2
144529,2
75172,3
41143,2
43036,2
103341,2
57494,1
98667,2
143272,1
64235,4
89452,3
115214,2
47253,2
127855,2
119195,3
20739,2
122433,2
56871,2
139102,2
67926,2
36061,1
66222,1
64507,2
18342,1
79958,2
148978,3
146308,3
95615,3
2996,2
69123,2
50259,2
102549,2
45448,2
114629,2
70913,2
110091,2
59823,2
112671,3
154809,1
142396,2
35774,2
7036,2
2900,3
483,3
145872,2
112110,2
40206,2
131243,2
53598,2
126621,2
70571,1
113299,2
139314,2
47877,2
117496,3
679,4
74143,2
129069,2
34825,2
28198,2
99060,3
81200,2
53160,2
81110,2
1721,3
118225,2
99258,4
51750,3
107899,1
96326,2
1755,3
43784,2
88659,3
106629,1
74848,2
127668,2
20521,2
105021,2
148983,1
81244,2
9748,2
129950,2
124459,2
148115,1
110651,2
10246,2
141192,2
29521,3
76720,3
7697,1
16852,2
133399,2
98301,2
26718,2
59153,2
133870,2
56007,3
22040,2
83212,2
15838,2
138592,2
127351,3
48590,3
69275,3
37196,3
155554,2
62409,2
58722,2
116503,2
102789,3
32004,3
145490,2
71171,1
79448,4
59143,2
127264,3
150607,2
69368,2
60828,2
25084,2
1491,2
46766,2
59547,4
18425,2
12657,2
111796,2
30841,1
123116,2
125387,2
32049,2
39387,1
113455,4
6840,3
39654,2
75263,2
72148,1
7321,2
57344,2
74174,2
109872,2
9078,3
10096,2
102012,3
96174,3
125132,2
86434,2
97387,3
81176,2
89273,2
75669,1
40655,2
30614,2
116900,3
3123,3
155740,1
51436,2
97936,1
1891,4
92971,3
149031,2
85268,2
67962,2
149117,2
120222,2
47498,3
120090,1
90340,2
146056,3
2153,2
14421,3
41686,2
144289,2
53495,2
13873,1
126284,2
53344,2
88933,2
13141,2
134812,2
153930,2
64820,2
110860,1
125845,1
4112,3
12791,2
130645,2
118676,2
110750,2
109949,2
37534,2
117601,1
39543,2
125143,3
31120,1
115405,3
125870,2
37523,3
42048,2
118331,1
132572,2
54447,2
100307,3
61221,2
131481,2
153230,2
45171,3
124409,2
114928,1
43585,3
106640,3
98964,2
32820,2
79231,2
15476,2
33299,2
1256,3
23643,2
113218,2
133434,2
98362,2
4880,3
28565,1
67457,2
23546,1
138605,3
140875,2
82317,3
102515,1
52221,1
68699,2
149912,2
133130,3
2947,2
22445,1
147074,2
31663,3
16229,1
37240,2
3502,4
53935,2
49927,2
6997,2
103220,3
25915,2
81880,3
10835,2
153325,3
104781,2
150505,3
142322,1
135904,2
119629,2
15261,2
132519,2
71000,1
147165,2
39582,2
24025,3
116660,1
26860,2
21979,0
131698,1
96618,3
112059,3
60841,2
68614,2
124006,2
139751,3
10506,2
136865,2
48247,2
17665,4
27191,2
36053,1
34392,2
150017,3
103052,2
57678,3
72549,3
51568,3
88709,2
117160,1
52998,2
51020,2
67294,2
109122,3
29361,2
80017,2
58566,2
95425,2
136675,2
28288,2
24581,2
17270,0
74226,3
34216,2
70312,2
74996,2
99685,3
118619,1
8092,3
127135,4
62563,3
139562,2
65451,2
134697,4
134495,2
130387,1
46846,3
53064,2
143860,2
58397,2
124728,3
76245,3
91697,1
116150,2
6610,2
74109,2
133353,2
89957,4
67330,2
69618,3
44809,2
124804,3
48728,2
85381,3
15670,1
49662,3
4957,1
118976,2
21861,2
84842,2
28778,2
10317,2
53226,2
143941,3
18956,2
131694,2
145427,1
55861,1
144991,2
112049,2
136936,2
151158,1
77040,3
46527,2
16928,1
81533,4
56135,3
152348,4
141969,3
124858,2
147506,2
110938,2
103945,3
134060,3
105557,1
15627,2
71607,2
126051,1
35591,2
18766,2
103348,2
105817,2
146448,2
70479,2
28915,1
32045,2
94239,2
36569,2
29831,2
135405,1
65123,1
56394,2
27224,2
6088,3
53799,2
3699,3
15499,3
80008,1
143560,2
32964,3
73108,2
75401,2
47043,2
82382,2
60256,2
140695,4
91011,2
36304,3
36484,4
4878,3
10110,2
140454,2
61766,1
87131,2
14338,2
135753,2
132823,3
83460,3
90678,2
91650,2
3451,2
152182,1
23811,2
120518,2
20322,2
38643,1
3887,2
146397,1
30091,2
87305,2
47089,3
42597,2
93240,2
78858,2
38456,2
123922,2
34188,3
147250,2
33526,2
68059,1
115904,1
85715,4
119800,4
84511,2
55076,2
81628,2
43110,1
108546,1
71236,2
54199,2
53568,3
111037,2
73999,2
50688,2
73243,3
69617,2
154065,2
104623,2
26911,3
12402,2
26439,2
111360,2
20557,3
136796,2
142594,3
140345,2
149052,2
32385,3
32426,1
81108,3
100064,3
125549,3
16834,3
130088,2
124061,2
141049,2
76791,3
81837,2
101151,2
133069,2
5009,2
30980,2
23122,2
85706,3
144209,2
56248,2
83402,2
31153,2
7101,2
35173,2
42486,2
136241,2
143640,1
62987,2
102261,3
64098,2
39568,1
89826,1
81875,1
84833,2
57506,2
67486,2
124207,2
84189,2
8199,3
33604,2
81844,2
89790,2
121999,1
72403,2
119886,4
72732,2
73910,2
134946,2
114728,2
70656,3
53141,2
14102,2
137369,1
97024,1
143355,1
102395,2
131529,2
49319,1
150153,2
9379,3
61778,1
3765,4
95597,2
89229,2
48899,1
10249,2
81805,2
35784,2
18491,3
90541,2
115888,2
71132,2
79755,2
72622,2
85465,2
122424,4
91315,3
147754,1
93293,2
51801,2
27727,2
70554,2
38256,2
97549,3
49215,2
91226,2
8117,3
28195,2
48445,2
12780,2
9024,3
21185,2
114393,1
90450,2
37546,2
10596,1
141372,2
108408,3
69063,2
153183,2
37439,2
18513,3
108347,3
143919,2
119500,1
143987,2
9694,2
1472,2
69137,1
86511,3
10458,2
85349,1
128118,2
123726,2
42748,2
8763,2
14588,4
121496,2
83211,3
139263,2
31901,2
32732,3
136811,1
5072,2
68247,2
121582,2
36412,1
18989,1
4053,2
38586,3
33895,2
10047,1
143656,1
91884,1
5501,2
69248,2
46667,1
10323,2
88375,2
94073,3
48841,2
108077,2
17983,3
99952,2
89977,2
49179,3
98677,2
29114,1
127293,2
29683,1
115272,3
118498,3
50421,2
54238,2
111532,2
104365,1
35528,3
46336,3
63651,3
54263,2
5422,3
119097,2
145115,3
74438,2
54401,2
147021,2
56616,2
115312,2
16973,2
42784,2
75067,3
17389,1
53436,1
41506,2
145465,2
73569,3
116559,2
105182,4
135922,3
116648,2
77300,2
2857,2
20094,1
5663,3
46580,3
147807,2
130400,2
7833,3
9712,2
1483,2
59401,2
12032,2
11149,3
45072,2
90990,2
145313,2
35185,2
18061,1
7839,2
134635,2
116045,1
105772,2
56265,3
152618,2
38165,1
112253,2
32202,1
71923,1
55236,3
50453,2
29878,2
38670,3
11354,1
39200,3
69579,2
97652,2
52514,1
55579,2
9441,1
35027,2
93151,2
36668,2
141797,2
144730,2
25341,2
31241,3
81995,2
18214,1
24528,2
140888,2
32099,2
70501,3
35822,3
118117,3
32729,3
117581,2
101806,3
25908,3
10243,1
119963,2
90406,2
121417,1
32370,3
1747,2
131846,3
128972,3
102545,2
107852,4
115309,1
57896,2
149809,1
137260,2
18737,4
4422,2
66866,2
127886,2
98728,3
18942,2
155293,2
76628,3
80771,4
148777,2
133127,3
75918,2
124566,3
99564,2
31230,2
81334,2
79175,2
63432,2
1416,1
122895,2
4960,2
141753,1
148244,2
88363,2
80394,2
17520,2
83030,2
76837,3
80778,3
126467,2
2268,4
67015,1
14778,3
118666,2
118987,2
82443,2
5346,4
47651,2
72413,1
95034,2
26107,2
96903,1
28425,3
64847,1
94491,2
88744,1
136372,2
128900,2
129276,2
66759,2
14710,3
71795,4
151151,2
46192,1
33966,3
116943,2
117149,1
87443,2
76702,2
25319,1
140068,2
42956,2
20114,3
61842,2
24028,2
18453,3
141373,2
31187,3
10015,3
6418,1
34045,1
118782,3
121568,2
35003,1
16419,2
132170,1
17077,2
18414,1
72386,2
78358,3
56151,2
6910,2
114854,2
63436,3
28245,1
22702,1
144533,2
118160,1
74407,1
77811,3
11573,3
80229,1
22878,3
5355,1
116728,1
108266,2
103162,2
141662,3
6562,2
15600,2
134690,2
80924,2
100014,2
84324,1
19096,1
37070,2
106615,1
131792,3
47626,2
64545,2
38580,2
142454,2
128970,3
37021,2
145727,2
122808,3
65912,2
107237,2
37522,3
48234,3
73996,2
140310,2
17747,2
81913,2
134906,2
93955,2
52624,2
129889,2
72843,2
149716,3
115058,1
120535,2
22617,2
97021,3
137596,1
18609,3
93689,1
24469,1
35206,2
93777,2
25477,2
3166,2
132496,2
24272,2
71365,2
144020,1
141975,1
140802,2
20183,2
70962,2
26117,3
45364,2
71691,2
42772,3
81117,2
6738,2
3478,2
59586,2
9752,3
58690,3
148809,3
68736,1
15936,2
18358,2
155810,2
64724,2
57447,2
72591,2
58465,1
34076,2
14334,3
87996,2
24048,2
148208,1
120106,2
92086,2
8500,3
92054,2
119343,3
61276,2
1013,2
124648,1
42085,2
107434,2
113864,2
119083,4
112786,1
101585,2
9652,2
89277,2
118503,2
33661,3
68950,2
14950,2
81144,1
89924,2
151739,2
4060,2
49309,2
25617,4
52028,3
110167,2
106103,1
136556,2
23531,2
150502,1
60742,2
9252,2
66514,3
62790,2
17002,1
38812,2
143638,2
54417,3
113012,1
80763,2
124168,3
94590,1
4608,1
56002,2
54656,2
79635,2
4328,4
117411,2
27600,2
153642,2
48410,2
16260,2
14892,2
37340,2
139304,2
21362,3
145152,2
98136,2
122933,2
39062,1
92640,2
127219,3
85317,3
27177,1
55840,2
136071,2
33775,2
2892,2
119252,2
102996,2
7587,1
135435,3
48938,1
94672,2
128204,1
29240,2
24139,1
141551,3
37131,2
24569,2
149407,2
22703,1
81646,2
63081,2
15400,3
116300,2
141248,4
47214,2
8010,2
140054,2
112216,2
3719,2
111355,3
114398,3
59640,2
61452,1
101293,3
124624,1
50961,2
99485,1
74799,3
107812,2
36309,2
28683,2
84014,2
30212,2
98919,2
17410,2
24717,2
92120,2
114943,2
92345,2
32757,2
17108,2
129864,1
43775,3
98787,3
139641,1
24665,2
57812,2
72914,2
23625,4
99703,2
121513,2
139670,2
59235,3
16652,3
28776,3
15448,2
42655,2
12552,3
139830,1
66048,2
49967,1
37631,3
112933,1
40445,2
70648,2
147652,1
107306,2
13152,2
39913,1
124398,2
17878,4
57839,2
42144,3
135004,3
9612,3
107020,3
18882,3
78051,2
62025,2
149411,2
121522,2
78515,2
41222,2
151039,1
109951,1
68132,2
107401,3
94109,2
60940,2
121291,2
121357,2
140933,4
48819,3
107837,1
117941,2
119742,2
10190,1
6824,2
40147,2
81786,3
39499,1
137199,1
55080,2
66813,1
66945,2
100958,2
106824,2
46394,2
40329,2
34697,2
35880,3
21749,2
98599,1
94498,2
115823,1
46439,0
150558,2
83880,3
46877,1
142007,3
128083,2
82867,2
51003,2
62786,2
150671,2
74668,2
44699,3
17096,2
152141,2
113034,2
10349,2
138178,3
50566,4
142681,2
101834,1
68941,2
79450,2
77719,2
111409,2
116776,2
45268,2
32546,3
140726,2
36485,3
11540,3
152146,1
94842,1
146017,1
8850,1
66189,2
6181,2
3622,2
136696,1
24078,3
147452,3
36345,3
100313,1
82079,2
53973,2
123884,2
31461,2
38329,2
3258,2
40897,2
93800,2
38596,2
129220,3
98015,2
28568,3
95936,2
85116,2
105777,3
86438,3
8000,2
135337,2
112112,1
47814,2
32616,3
147180,3
26954,2
73734,4
55794,2
98891,2
118779,3
87742,2
11944,2
143683,2
68372,2
115092,2
82868,2
69775,3
125539,2
128415,2
46097,3
100922,2
74142,2
45380,2
107809,0
56493,3
140778,2
141475,1
76949,2
134762,2
32579,2
132182,2
31471,2
2319,1
110595,2
68350,3
120115,2
53258,3
26728,2
69883,3
79181,4
44282,2
130093,2
102860,3
103641,2
81877,2
32937,2
555,2
10942,1
44173,1
23396,1
24523,2
27587,3
57396,2
126774,1
15623,2
76353,2
104000,3
91323,2
15035,2
27334,2
6700,2
64502,2
15894,3
95796,2
58630,3
9865,2
123841,3
115354,2
16938,1
88228,1
102879,1
973,1
122445,2
66534,2
127865,2
91826,2
87424,3
131107,2
137874,1
132455,3
25426,2
143821,2
118359,2
2028,2
138564,3
82366,3
67512,2
23259,3
12674,2
56640,2
7245,2
34552,2
7958,2
45895,4
107500,2
24007,2
63609,2
152471,2
24926,1
10079,1
53210,2
141593,2
54244,2
120623,3
148613,3
23609,3
128035,1
17585,3
118923,3
55766,2
138909,3
39359,2
76844,3
47931,2
43317,2
1638,2
143687,3
13046,2
27831,2
53732,1
66117,3
112390,2
137697,3
94265,0
27445,1
68387,2
16392,2
117682,2
6466,2
68646,3
71821,2
116398,2
3996,3
153275,2
144004,2
83382,2
21091,3
110421,4
102217,2
22049,3
147983,2
136666,2
50942,2
60233,4
50853,2
148838,2
3219,1
139347,1
105820,2
56148,2
88154,2
24268,2
74121,2
145100,2
144153,1
53352,2
19821,2
3662,2
68618,3
20155,3
24898,1
136981,1
96601,1
86003,2
142527,2
114636,1
104169,1
28656,3
120186,2
141318,3
111707,1
19235,3
127082,2
61537,3
6623,2
86559,1
132004,3
100842,2
112446,2
53800,2
130133,2
132736,4
73855,2
16676,2
79923,3
28959,2
109366,2
82236,2
84047,1
40137,3
116985,2
61261,2
102078,2
155236,2
30559,2
65689,2
118060,1
71950,2
52664,2
76370,2
74581,2
6205,1
16865,2
146710,2
106117,2
29555,2
8991,2
61398,2
7916,1
119909,2
152076,3
80367,3
80918,2
64960,2
115626,2
155010,2
56927,2
1322,4
96994,1
88675,2
88318,2
105890,2
127766,2
42840,1
120387,2
87618,2
126937,2
133681,2
13775,4
106057,2
73525,2
114524,2
109791,2
142271,2
45356,2
61579,3
60497,4
28993,2
18667,2
90835,2
80156,2
82508,2
33610,3
18769,2
131819,2
36898,2
87580,2
8695,3
95408,2
145216,2
12048,3
89670,3
109395,2
113222,2
91208,1
20151,3
111112,2
51597,2
104645,2
83332,2
25178,1
31266,3
79765,2
65765,1
6109,4
124916,2
58733,3
129518,2
87040,2
6384,2
2307,2
75693,2
28872,2
95255,2
96348,2
20611,2
22574,3
141374,2
107984,4
37963,1
77221,1
72165,2
148198,4
79732,2
51881,2
80497,2
33325,1
155103,1
15711,2
150281,2
155866,3
65363,1
73644,2
59678,2
46693,2
60956,3
128802,1
112959,3
35941,1
17676,2
3172,1
21938,1
10160,2
121451,2
133362,2
29534,3
37169,2
15557,3
174,2
40275,1
102310,1
126196,1
77929,1
139381,2
95735,2
97551,2
143995,2
64246,1
133660,2
113984,4
12751,2
35705,2
54468,2
152661,2
82940,2
6899,1
27466,2
1368,2
65659,3
53684,2
83449,2
80116,2
3746,3
5561,2
608,3
27130,2
33798,2
115431,3
76773,3
60741,3
116121,2
34727,3
81684,2
32791,2
144365,3
133310,1
17669,2
114123,2
18995,1
18442,1
146247,0
72214,2
141823,2
116391,1
120598,3
113032,2
131699,1
66015,2
13118,2
53078,2
15728,3
69686,4
46503,3
38995,1
2695,3
44346,2
50949,3
44420,2
45595,2
155374,2
148859,2
76467,2
27082,1
100222,2
137825,2
154149,2
10775,2
21220,4
49222,3
153345,2
90607,2
133215,2
47260,2
114653,3
5402,2
36527,3
68134,2
16077,1
23737,1
96095,2
28323,2
72708,2
116569,2
101637,1
144870,2
43959,2
138949,1
134417,3
131476,2
5464,3
117569,2
87633,1
151162,2
63382,1
140292,1
25772,3
68629,2
121334,2
128833,2
10058,2
89059,2
101780,2
1524,2
71948,3
28012,2
53184,2
10786,1
141284,2
50937,1
154880,2
56025,1
114640,2
104555,2
40077,2
71577,3
76147,3
116241,1
5531,2
95469,2
109371,2
97132,1
132318,2
80518,3
136943,3
19754,3
43979,2
92576,1
27444,2
35496,2
7169,2
23781,1
35190,3
79896,2
10975,2
40274,1
29351,2
101211,2
23750,2
775,2
36959,2
21297,2
151112,2
82506,2
47881,2
118081,2
19328,2
112884,2
96088,1
151975,2
137277,2
150491,2
44605,3
148941,2
28781,2
30545,2
107697,2
140257,2
115783,2
118795,2
23186,2
27543,4
36129,2
42351,2
59601,2
88468,2
102453,2
40950,3
104831,1
21267,1
92033,1
2994,3
48554,2
94058,2
70517,1
48647,2
5059,0
104724,2
8382,2
301,3
102420,3
133541,2
139052,1
131799,3
95646,2
112640,2
137553,1
41369,2
151043,3
153102,2
40383,2
149451,2
80327,3
137774,3
56043,2
118807,2
29738,3
47454,1
148779,2
74946,1
108017,2
140767,2
152725,2
79447,2
19922,2
147447,2
107227,2
155650,1
114885,1
65836,2
111741,2
1433,3
42491,4
146870,2
107743,2
107470,2
52009,1
115835,2
155197,2
94496,3
35205,2
50697,3
26769,3
139685,3
124310,2
13798,2
94039,3
140022,2
63051,2
125511,2
71958,3
134741,1
126667,2
124228,4
113201,3
79275,2
31962,2
23870,2
35316,2
42857,2
151412,3
145792,1
30424,2
129686,3
54744,2
2601,2
19028,2
144458,1
69238,1
99108,2
11138,1
16828,2
33847,2
30925,4
83479,3
116227,3
88827,2
21914,2
68769,2
30262,1
89587,2
136586,2
56307,2
125882,2
59112,1
78665,2
26409,2
55206,2
42338,2
14236,2
96060,2
71526,1
31411,1
147830,2
108078,3
62010,3
116001,2
39549,1
91127,0
108683,1
154954,2
2930,1
74083,1
41570,2
41206,3
88513,3
1370,2
56744,2
121011,2
145116,0
35297,2
116363,2
108329,3
139401,2
72798,2
145892,2
54242,2
154471,0
142641,2
110505,2
71992,2
135177,2
123948,2
27085,2
115335,2
34103,3
42607,3
57121,3
88322,2
150434,2
56404,2
101845,3
71283,2
31624,2
13367,3
86172,2
114149,3
104848,4
121378,2
130622,1
60582,2
75875,2
137751,3
67777,2
120894,2
102889,1
141406,2
44921,1
154540,2
29282,2
50137,2
78084,2
97644,3
138290,1
23493,3
103780,3
31031,2
62950,2
81758,2
97710,3
48188,2
53089,1
67920,3
103048,2
55824,2
44391,1
105983,3
8348,4
40112,4
71174,2
103379,2
135535,2
11320,2
72656,2
86954,3
127168,2
99722,2
111835,2
98419,2
132338,3
109620,2
75996,2
27718,3
49534,2
129085,1
139000,2
52305,2
115869,2
147041,2
3194,2
55697,2
54293,2
27410,3
138126,2
42954,2
109230,4
9799,2
85240,2
75503,2
147718,1
143803,1
49513,2
79057,3
128251,2
13691,2
26033,2
131637,2
146573,2
123254,1
76551,2
97494,3
105538,2
102066,2
72251,1
134054,2
31350,2
75735,3
71876,2
6421,2
116127,1
46899,3
22365,2
73103,2
65698,2
123179,1
89528,2
13520,2
131580,2
120889,1
57699,2
67672,2
123741,3
9080,3
108440,3
95085,3
102406,2
126971,3
35830,3
116288,3
132038,2
93882,3
105370,2
65384,4
120904,2
140882,3
100371,2
143320,2
70264,2
61408,2
49620,3
128622,2
120150,2
51110,1
69658,3
111573,2
90545,2
141129,2
118099,1
94947,1
23248,2
22626,1
69998,2
86502,1
12711,2
63378,1
22568,2
33140,2
106951,3
49862,3
41948,1
64100,2
110881,2
267,3
73196,2
23983,3
59357,2
52673,4
125815,3
70719,1
101108,2
14928,4
53101,1
95247,3
52463,2
73928,2
145084,1
54530,2
61662,3
64825,1
134215,2
19251,2
10722,3
58413,2
43093,2
129231,1
37912,2
73075,1
79670,3
108128,2
15906,2
113020,3
147902,2
152734,2
115458,1
139259,3
151527,1
135395,1
72761,2
83248,3
60482,2
97533,2
88026,3
43724,2
64989,3
31225,2
95688,3
108468,2
114172,2
19058,2
68320,2
132199,2
9647,2
80962,2
15161,2
21192,3
36561,2
47319,2
143131,2
6657,3
25416,2
152922,3
56268,2
18583,2
151517,1
99795,3
138823,2
23298,2
27415,2
64175,2
26447,2
135198,2
104291,3
4687,2
6121,3
66163,2
121014,2
40197,2
28684,2
25258,3
23087,3
132662,2
92769,2
152161,1
35847,2
154454,2
96997,2
14165,3
58230,3
38714,2
86091,3
111723,2
107211,2
96703,3
46232,1
3839,2
137952,1
119211,2
70012,2
4202,3
96130,1
62440,2
120199,2
150261,3
29061,3
145695,1
18557,2
49188,2
150062,2
95947,2
16856,2
101392,2
75923,2
10455,3
51901,4
87753,0
12316,2
129374,1
136423,2
126690,2
63099,2
1330,2
36241,2
133752,2
68997,2
145367,2
107135,2
137297,3
60387,2
11392,2
120182,2
141273,3
69110,3
134310,1
31269,2
103181,2
81736,2
54794,1
85484,2
36052,2
114491,2
137313,3
118601,1
75714,1
95511,3
145405,2
100397,3
90504,2
89019,2
117848,3
27339,2
110692,3
40243,1
136455,2
123068,2
57379,1
75092,2
116693,2
26668,2
128193,2
63443,2
44235,2
8144,1
16988,1
143064,2
138164,2
76795,4
30190,2
46939,2
147985,2
126900,2
5578,2
114120,3
36418,1
11624,2
151956,2
132847,2
64475,2
104652,0
27163,1
151180,2
121659,2
121191,2
141264,3
130104,1
93827,2
22852,1
139777,2
29307,2
25752,2
53814,4
74690,2
98096,2
98132,2
8903,1
103280,1
28826,2
78687,2
117509,3
10431,2
111890,2
24765,2
108974,2
148050,2
4977,1
41200,2
124162,2
113970,1
115490,2
75826,1
135691,2
104334,2
44369,2
45076,2
114470,0
117653,2
148334,2
31499,4
6347,2
68048,3
130430,2
22181,3
99284,2
97589,2
25719,1
89431,3
95570,3
93448,2
71369,1
50057,1
43899,2
126274,1
109042,1
76309,2
68717,2
44588,1
146983,2
49429,2
22117,3
138945,1
12308,1
36420,1
82073,2
152593,3
38618,4
19984,2
52778,2
85004,3
44503,1
150014,3
142867,4
103579,2
92338,2
45881,2
73643,2
33836,3
119285,2
79161,2
42768,2
27292,2
29010,2
5918,2
13531,1
81700,2
51150,3
61713,2
16589,1
20099,2
73646,2
76067,3
102591,3
88920,2
50412,2
48521,2
115338,1
93659,2
137605,3
29133,2
82491,2
123914,1
124511,2
76266,3
128459,2
134368,3
74064,2
97860,2
74259,1
21791,2
55924,0
127152,3
152217,2
31071,2
17173,2
47956,2
47257,2
127078,2
31697,2
1619,1
146201,3
64487,2
15486,2
111894,1
146372,3
74198,2
54959,2
12782,3
60873,2
35228,2
35956,3
95953,3
42468,2
38718,1
65212,2
154928,4
70988,2
82731,2
101893,2
124523,2
143853,2
54259,3
94679,3
109286,1
80516,2
140315,3
146557,2
115589,2
17575,2
76707,3
64711,2
125163,2
98886,2
55781,2
15637,2
138769,1
77800,1
151772,2
2155,3
29370,3
4752,2
138844,2
25080,2
86922,3
88325,2
118765,2
104054,3
14702,2
107007,2
26365,4
69562,2
145517,1
19767,2
148975,1
79519,2
42376,2
112735,3
130996,2
81653,2
75302,2
43844,1
25203,2
143563,2
97042,1
111090,2
46822,2
31748,1
67050,1
48983,2
117718,3
15131,2
15514,1
56088,1
103544,2
28595,2
116344,4
6322,1
41146,1
94924,2
44666,3
6330,3
76395,3
67939,2
11197,3
48209,2
15298,2
38250,2
118276,2
6002,2
94248,4
28533,3
93759,3
131353,2
47366,2
117823,2
8180,2
143770,3
124139,2
620,1
90862,1
68982,0
50978,3
145424,1
118585,1
27388,1
121009,2
69633,2
25834,2
41081,2
72830,2
150598,2
95955,1
122705,1
125913,2
14431,2
51242,3
77877,2
58956,3
135170,1
48212,2
59208,2
88605,2
131775,4
93658,2
149862,1
155584,2
69273,2
27401,2
60635,2
47566,2
127952,1
138062,3
76194,1
2669,3
18856,2
86577,2
148166,2
107008,2
140822,1
148285,2
79147,2
129431,2
7462,2
126063,2
43390,3
92113,3
110633,3
47117,1
66293,2
48997,2
97027,1
12690,2
100037,3
6248,1
117075,3
105341,2
136123,2
133099,3
96704,1
130310,2
86727,3
86775,2
58194,2
101628,3
49072,2
27655,2
17244,1
18750,2
80524,2
114258,2
148580,2
153403,2
66478,2
92082,2
80376,2
10176,1
20305,2
67758,2
90970,3
75999,2
144605,2
18478,1
16417,2
141417,1
133684,3
5016,1
110869,3
17332,2
84402,2
6935,3
48589,4
45947,3
87437,2
89693,2
142492,2
32531,2
72500,2
128796,3
105213,2
81614,3
96860,3
123898,3
121234,2
146164,2
98445,3
84534,2
141130,3
52830,2
71008,3
54649,2
4898,2
112308,2
137184,2
29403,2
29251,2
88572,2
3648,2
119229,3
100812,2
77684,3
89766,4
85154,2
35028,2
78626,2
82865,2
148458,2
4703,2
58991,1
132208,3
107035,2
33382,2
94946,2
25144,2
78985,1
78801,3
29247,2
17752,3
10218,4
113308,2
59772,2
16293,2
87960,2
45531,3
97910,2
30961,2
126462,3
45227,2
92475,2
78534,2
20671,2
35475,2
113809,2
35935,3
44422,2
153854,3
30776,1
92553,2
9554,2
98437,2
22593,2
24593,2
79615,2
28204,2
632,2
34303,2
20690,2
145665,2
107599,2
29892,2
79719,2
94298,2
104447,3
83786,1
55032,1
122960,2
132761,2
68012,1
122095,2
133081,2
112509,1
144402,2
96090,3
137810,1
36806,2
97744,1
105484,2
98976,2
111469,2
53385,2
33000,1
1940,3
115182,2
88888,2
7534,1
154398,2
139437,1
66378,3
4738,2
14986,3
81983,1
37964,2
115471,2
56190,3
58144,2
29690,1
4908,2
109838,2
125005,3
97937,2
55203,2
62956,2
88808,2
70907,3
131797,4
103475,2
64094,3
46070,2
52800,2
105053,3
59517,2
29191,3
53098,2
7792,2
38579,1
139802,2
143559,2
40364,2
68641,1
140557,1
89437,2
82184,2
73695,2
143723,1
57398,2
68004,2
62158,2
8356,2
109142,3
126661,2
110166,3
86777,4
141569,2
53102,1
76394,4
88658,2
36710,2
5025,2
69071,2
69378,2
138727,3
8124,2
33617,4
155175,3
64371,2
136055,2
141654,3
100944,2
83073,2
1035,2
118462,2
19280,3
130830,1
2608,2
53674,1
81234,1
20438,2
92063,2
69219,2
84346,3
22062,1
46175,3
106526,4
105273,2
22423,3
359,3
55998,1
67869,3
137064,2
131397,2
103214,2
82201,2
80724,3
14392,3
63455,3
124479,2
66272,2
112168,2
90404,2
152235,2
154603,2
125633,1
51721,2
127333,3
22890,2
142722,1
38715,2
71002,1
84789,2
97923,3
125528,2
69094,2
6412,2
125313,3
13988,3
65082,2
150625,2
10905,2
54019,2
86150,3
36477,1
151871,1
85591,2
15056,2
32005,2
62823,2
140258,3
61137,2
105281,4
27120,2
13757,3
16662,1
34555,2
75821,2
58588,1
35548,2
35149,3
41848,2
153677,3
69388,2
14990,2
113691,1
61682,2
48875,2
38443,1
101605,1
76221,3
28507,2
14641,3
11093,1
57545,3
69460,1
16883,2
155380,2
125209,2
80488,2
90007,3
121760,2
16501,3
125925,2
88805,2
18413,2
20234,2
82965,2
8845,2
3408,2
18121,2
98108,2
125362,2
114749,1
4744,2
69457,2
88829,2
40521,2
13125,4
145362,2
98434,2
139783,2
73199,1
125277,2
52512,2
16534,2
128913,2
92653,2
155362,2
94800,3
99969,2
14346,3
130819,3
79359,2
4511,2
2538,2
145522,2
138816,2
59047,1
37676,2
62136,2
64766,1
127013,3
147003,2
93035,1
135113,3
68079,2
125719,2
82191,2
81381,2
96392,2
136983,2
109184,3
149514,3
72401,2
93991,2
95666,2
95501,2
33986,3
73913,2
26035,3
68529,2
143598,2
114131,2
50014,3
70268,3
54517,2
79103,1
99387,2
50377,2
155643,2
58674,2
153637,3
62335,3
73040,1
139566,2
52887,2
114665,2
136299,3
5627,2
42740,3
130456,3
31327,2
119796,3
66203,2
82378,0
20286,2
63109,2
137762,1
68214,3
70045,2
68706,2
541,1
98065,2
117647,2
23448,2
75970,2
74187,1
110499,2
113944,3
23098,2
156011,2
56848,2
112716,3
6059,3
88830,3
133418,2
71347,1
53009,2
144052,2
148029,2
68008,2
105539,2
107914,1
60312,2
145877,3
43489,3
734,2
20067,2
154567,2
72662,3
71545,2
20349,1
77183,2
46058,2
135379,2
90879,2
119324,2
40924,3
13356,2
105545,2
71800,2
5993,2
45647,2
141739,3
113642,2
128054,2
143364,2
151210,2
136610,2
4447,3
100298,2
94445,3
88094,2
44637,2
69245,3
29093,3
71805,2
111258,2
9452,3
38176,3
35259,3
36513,2
147700,4
88413,2
108674,4
27096,2
47356,2
51857,2
34430,1
72122,2
57138,2
143132,1
57798,2
3484,1
121025,2
112807,2
95411,3
64522,2
88657,2
722,2
151426,2
144248,2
4312,2
52356,3
42121,1
18079,2
67132,2
72178,2
64982,2
112038,1
154900,2
146811,2
75335,3
108421,2
130354,2
108585,1
418,2
87885,1
130630,2
126421,2
135327,2
64443,2
6337,1
122116,2
84483,2
49299,2
22541,2
48299,2
145018,2
104558,2
89760,3
73373,2
98736,2
86882,1
155078,3
31597,3
85401,2
95402,3
139578,2
141474,2
147975,2
154712,2
156033,3
91473,2
59504,2
75881,1
111238,2
123785,1
128658,2
144300,2
48546,2
97119,1
82071,3
153296,2
73875,2
54579,2
18294,2
46445,3
130040,2
104893,2
9707,2
149154,3
150195,3
12058,4
20794,1
81156,2
81263,2
50195,3
6211,2
73877,2
94031,2
6714,2
13011,2
96,2
37765,2
115303,1
44281,2
87825,2
36069,2
13675,3
75166,2
136910,1
105360,2
57352,2
85052,2
140171,3
89405,1
108924,2
128176,2
118158,1
132480,2
58239,2
71787,2
62951,3
100297,2
153353,2
15846,2
81823,2
29788,2
80848,2
55572,2
150697,3
121696,3
17689,3
102219,3
111949,3
128481,2
100995,3
90766,1
18031,2
132981,2
130768,2
86561,2
105498,2
54420,2
12733,2
19564,4
43014,2
131477,2
126351,1
9102,2
98958,2
152125,2
112579,1
155633,3
109086,1
93262,2
19932,3
42677,3
33110,3
67636,2
30128,2
15837,2
4122,4
151253,3
135492,3
141493,4
48495,2
91557,3
31736,2
79480,1
112602,2
62289,3
35567,2
150746,2
88647,2
6173,3
36974,2
40511,2
42764,4
72441,2
47332,2
154958,2
130317,4
107596,1
48214,2
116067,2
84491,2
91681,2
138653,2
105444,2
52081,2
84168,2
113592,2
42279,2
110700,1
4332,2
153437,2
54864,2
21817,2
39746,3
33682,1
121021,3
135963,2
98732,2
108647,1
31377,1
21360,3
60780,2
98477,3
11248,2
138012,2
140064,3
56686,3
34890,3
79871,2
152039,2
27848,2
151037,2
149953,2
90018,2
69002,1
129216,3
351,3
135885,2
80054,3
113122,2
30256,1
25399,2
13723,2
96379,2
16188,2
86466,2
130447,3
3711,3
95179,3
87578,3
149973,1
37119,1
1623,3
99710,2
48575,2
85894,2
69313,2
28423,2
79855,2
57377,2
83130,2
150273,3
55118,3
151143,2
117693,2
122997,1
30079,3
73945,1
125185,2
13434,2
84394,3
48038,2
29059,4
28061,1
12759,2
119740,2
84372,2
133508,3
127832,2
17631,1
85398,2
114817,2
150381,2
77691,3
29273,2
93109,2
152874,2
132602,3
118554,3
1867,1
3610,3
144742,2
42881,2
117101,3
22129,2
81049,2
107123,2
35349,2
108201,2
43983,3
79339,2
31422,1
12968,0
113688,2
139935,1
135537,2
139456,3
123276,2
32917,2
55459,2
15394,2
46909,2
126652,3
40048,2
148404,2
60447,2
10339,3
62479,3
36625,2
49481,2
43981,3
130858,1
65077,2
113612,2
19657,2
15303,3
83014,2
154595,2
6263,2
88161,3
39704,4
98241,2
78401,2
153504,1
13550,2
89661,3
124990,2
1477,2
14260,2
76328,2
68813,2
36426,2
137826,2
122783,2
106975,3
86646,1
129962,2
96335,2
133475,3
151672,3
67367,4
23202,2
89156,2
1081,2
74380,2
138991,3
146689,2
28376,2
77483,2
83259,2
65621,2
64304,2
134270,2
106094,2
92495,1
132130,2
17738,2
141151,1
41395,2
117398,3
37785,3
47990,2
33969,2
59956,2
12195,2
92708,1
86056,3
113385,4
74022,3
7838,2
139633,2
51368,2
28982,2
40591,2
135734,3
147367,3
128743,2
43935,2
62738,3
49932,2
49275,4
125079,2
136289,3
57743,2
19319,3
62160,2
86114,2
122986,2
76184,2
120485,2
155069,3
84646,4
97420,3
128396,2
136723,3
128305,1
100155,2
71305,2
8046,2
4427,2
3684,2
31497,1
57418,3
52843,2
8630,2
126964,3
63248,2
61723,2
116596,2
39966,2
87258,2
142779,2
74964,1
14965,0
22903,2
39889,2
26806,1
63836,2
22083,1
139829,1
29579,3
76771,2
21484,2
86008,2
110580,4
122293,2
18023,2
126615,2
117343,1
106944,2
3602,2
17451,1
6965,2
63840,1
44211,3
154450,2
108699,2
136783,4
110086,2
139169,2
116523,2
121624,3
64567,2
14268,2
3212,1
41713,3
129180,1
126807,2
133492,2
104524,1
81731,2
41467,2
155868,2
49146,2
137108,2
2265,4
15077,2
55784,1
6170,2
49189,2
143510,3
142785,1
106957,1
40798,2
4369,2
60307,3
127800,2
128411,2
74190,2
126170,2
21608,4
92273,3
120525,2
51624,1
141608,3
123400,1
94856,2
26115,3
1837,2
1169,3
52460,2
134957,2
24261,2
141313,2
107713,2
34497,2
68905,2
133250,2
67499,2
16515,3
40684,1
125740,3
25188,3
78177,2
74773,4
74570,1
93029,2
33755,2
105046,1
78940,1
116276,1
111440,2
53414,2
112473,2
109975,1
57796,2
90143,1
86046,2
147402,2
71402,4
94311,3
37570,1
108431,2
32573,3
132750,1
16510,3
59445,1
133390,2
31919,2
136050,2
34576,2
136020,1
153981,3
86269,2
56577,3
103319,3
89406,2
77123,3
83120,2
63344,3
149121,2
40738,2
27139,3
109078,3
61800,2
118431,2
150218,3
85185,2
28128,3
75021,1
50475,2
143951,2
139066,3
146148,2
8670,1
79440,2
16721,2
70997,2
66282,3
127859,3
60666,2
114284,2
56818,2
43594,3
20669,3
95278,2
153651,1
9325,2
20162,3
83390,2
82409,3
50473,1
32669,1
116725,2
128736,3
70785,2
82431,2
3230,2
68755,2
134834,2
85841,2
10691,2
26141,2
114269,1
145941,2
20874,3
98229,3
82047,2
52349,0
27128,2
54094,2
79409,3
132080,2
93370,3
130925,3
45953,2
128628,2
32243,2
69171,1
88220,1
7639,2
107770,2
35554,3
6236,2
144651,2
43810,3
115682,3
69823,2
129480,2
59499,3
40012,3
57412,2
128516,2
60042,3
139099,2
86653,2
155631,3
121183,2
114633,2
50982,3
141473,2
89786,1
76640,1
27167,3
32920,3
21489,3
74122,2
13734,1
144098,2
99513,1
127577,2
11231,2
151348,2
30743,2
30468,3
85668,2
